x_m,y_m,w_tr_right_m,w_tr_left_m
3.141080881284448179e-01,-4.966184301776142007e+00,8.255898240445391778e-01,9.919323156844475076e-01
3.340659598263100438e-01,-4.904562459261343044e+00,8.160153420690255954e-01,9.963064134209174139e-01
3.536582565465433148e-01,-4.842971741376140393e+00,8.080198613861097057e-01,9.993369562005949280e-01
3.728873353993090167e-01,-4.781410787586028555e+00,8.014382765085836802e-01,1.001076749168611446e+00
3.917555534947718132e-01,-4.719878237356495809e+00,7.960403211176778626e-01,1.001629802936218283e+00
4.102652679430959792e-01,-4.658372730153038432e+00,7.915654336809430092e-01,1.001125870011513763e+00
4.284188358544463449e-01,-4.596892905441143817e+00,7.877502879779427758e-01,9.996993649574845708e-01
4.462186143389865189e-01,-4.535437402686303798e+00,7.843478313514899991e-01,9.974763889869696643e-01
4.636669605068818312e-01,-4.474004861354011986e+00,7.811349652509518293e-01,9.945680730070509679e-01
4.807662314682963900e-01,-4.412593920909761103e+00,7.779144725624674850e-01,9.910697651186499701e-01
4.975187843333944149e-01,-4.351203220819041206e+00,7.745136875709399682e-01,9.870627920910145514e-01
5.139269762123408469e-01,-4.289831400547341467e+00,7.707842115019800655e-01,9.826166751511450359e-01
5.299931642153000722e-01,-4.228477099560154606e+00,7.666043401887111530e-01,9.777909227291972094e-01
5.457197054524363100e-01,-4.167138957322973347e+00,7.618855305252454357e-01,9.726358419324392379e-01
5.611089570339143906e-01,-4.105815613301291300e+00,7.565793445311843612e-01,9.671939716184131397e-01
5.761632760698983668e-01,-4.044505706960595859e+00,7.506843810513739168e-01,9.615021929812129775e-01
5.908850196705527358e-01,-3.983207877766380633e+00,7.442490234102179247e-01,9.555951988887226856e-01
6.052765449460424385e-01,-3.921920765184138791e+00,7.373705121677623930e-01,9.495093368806004630e-01
6.193402090065314169e-01,-3.860643008679359500e+00,7.301779300976194431e-01,9.432942297419565358e-01
6.330783689621841681e-01,-3.799373247717535040e+00,7.228261890485747632e-01,9.370098452972422942e-01
6.464933819231655221e-01,-3.738110121764156801e+00,7.154732699433371534e-01,9.307331754163448156e-01
6.595876049996396429e-01,-3.676852270284716617e+00,7.082619252069833893e-01,9.245569549361458694e-01
6.723633953017708054e-01,-3.615598332744707211e+00,7.013043266033665013e-01,9.185843549738024194e-01
6.848231099397239507e-01,-3.554346948609618195e+00,6.946724742009630083e-01,9.129186467983410047e-01
6.969691060236633540e-01,-3.493096757344942738e+00,6.883955371755632324e-01,9.076502792207208348e-01
7.088037406637534010e-01,-3.431846398416170452e+00,6.824642648965270064e-01,9.028412670099000836e-01
7.203293709701587000e-01,-3.370594511288795392e+00,6.768407796462606596e-01,8.985101293822456148e-01
7.315483540530438589e-01,-3.309339735428308060e+00,6.714715331157466993e-01,8.946199024232672770e-01
7.424630470225725976e-01,-3.248080710300198515e+00,6.663005915444131233e-01,8.910711162691499210e-01
7.530758069889100792e-01,-3.186816075369960810e+00,6.612811518174528391e-01,8.877032254751884288e-01
7.633889910622206898e-01,-3.125544470103085448e+00,6.563831745386642380e-01,8.843044608198222800e-01
7.734049563526685933e-01,-3.064264533965064707e+00,6.515967357266537752e-01,8.806304450451322152e-01
7.831260599704188419e-01,-3.002974906421389090e+00,6.469310565329045026e-01,8.764301057091047342e-01
7.925546590256349333e-01,-2.941674226937550429e+00,6.424103287692696229e-01,8.714754106329545280e-01
8.016931106284822528e-01,-2.880361134979041005e+00,6.380675524471924875e-01,8.655908300627199736e-01
8.105437718891249643e-01,-2.819034270011351762e+00,6.339378480376285374e-01,8.586780810720034962e-01
8.191089999177272318e-01,-2.757692271499974535e+00,6.300524980680760612e-01,8.507318247999632321e-01
8.273911518244539964e-01,-2.696333778910401602e+00,6.264346986960288577e-01,8.418440715667360186e-01
8.353925847194695331e-01,-2.634957431708123909e+00,6.230964192025019166e-01,8.321953739239432712e-01
8.431156557129380058e-01,-2.573561869358631071e+00,6.200378711321701264e-01,8.220352988090033897e-01
8.505627219150245777e-01,-2.512145731327418918e+00,6.172484619979889953e-01,8.116545339535197190e-01
8.577361404358927466e-01,-2.450707657079975732e+00,6.147085596699473076e-01,8.013534536212667536e-01
8.646382683857077867e-01,-2.389246286081793791e+00,6.123919317290055231e-01,7.914126815559100470e-01
8.712714628746339729e-01,-2.327760257798365817e+00,6.102681445549829053e-01,7.820677908606017414e-01
8.776380810128351362e-01,-2.266248211695182757e+00,6.083049128042664622e-01,7.734941519374123331e-01
8.837404799104766617e-01,-2.204708787237735557e+00,6.064700690502697888e-01,7.658003803973094659e-01
8.895810166777228245e-01,-2.143140623891516494e+00,6.047323689026147253e-01,7.590294404039089615e-01
8.951620484247377885e-01,-2.081542361122016960e+00,6.030624246315051673e-01,7.531673301808103904e-01
9.004859322616859396e-01,-2.019912638394727900e+00,6.014328498725605154e-01,7.481546535295031664e-01
9.055550252987319970e-01,-1.958250095175141814e+00,5.998181089609081473e-01,7.438996077200142887e-01
9.103716846460402357e-01,-1.896553370928749871e+00,5.981942750489473992e-01,7.402894294722581758e-01
9.149382674137755966e-01,-1.834821105121044349e+00,5.965387805512267771e-01,7.372000272421137534e-01
9.192571307121019109e-01,-1.773051937217515972e+00,5.948303964720519366e-01,7.345029718179696410e-01
9.233306316511841194e-01,-1.711244506683658351e+00,5.930499058868886619e-01,7.320704239979289873e-01
9.271611273411860532e-01,-1.649397452984959545e+00,5.911804390771339124e-01,7.297796698709438923e-01
9.307509748922730974e-01,-1.587509415586912942e+00,5.892091087072006683e-01,7.275170417850521654e-01
9.341025314146089720e-01,-1.525579033955010821e+00,5.871276982661448596e-01,7.251833035220397461e-01
9.372181540183581738e-01,-1.463604947554743463e+00,5.849337237054859084e-01,7.227000178604386926e-01
9.401001998136859772e-01,-1.401585795851603811e+00,5.826310028281983522e-01,7.200159809664233856e-01
9.427510259107557689e-01,-1.339520218311082589e+00,5.802293382528426191e-01,7.171134475707577893e-01
9.451729894197324899e-01,-1.277406854398671854e+00,5.777439513937986382e-01,7.140136983483482691e-01
9.473684474507806375e-01,-1.215244343579862329e+00,5.751938902658663144e-01,7.107765762043616320e-01
9.493397571140648195e-01,-1.153031325320146294e+00,5.726002415288463654e-01,7.074973247379922059e-01
9.510892755197493109e-01,-1.090766439085015804e+00,5.699842071931608967e-01,7.042982416102437915e-01
9.526193597779984978e-01,-1.028448324339961584e+00,5.673652087225723450e-01,7.013163600490981420e-01
9.539323669989769883e-01,-9.660756205504755778e-01,5.647592492031532352e-01,6.986887840825527496e-01
9.550306542928491682e-01,-9.036469671820492877e-01,5.621777759282040599e-01,6.965379229466073241e-01
9.559165787697794237e-01,-8.411610037001742146e-01,5.596271345568391009e-01,6.949593653758678879e-01
9.565924975399326957e-01,-7.786163695703425258e-01,5.571084804711017302e-01,6.940137200582234822e-01
9.570607677134727043e-01,-7.160117042580453894e-01,5.546187082725121398e-01,6.937236324843311097e-01
9.573237464005646125e-01,-6.533456472287744177e-01,5.521515686905723586e-01,6.940751825618864945e-01
9.573837907113720291e-01,-5.906168379480205566e-01,5.496991664725878746e-01,6.950239758115940303e-01
9.572432577560603395e-01,-5.278239158812767506e-01,5.472535220554246571e-01,6.965033974166290331e-01
9.569045046447933744e-01,-4.649655204940341680e-01,5.448077709749802322e-01,6.984339302386024517e-01
9.563698884877359641e-01,-4.020402912517835325e-01,5.423568792509249059e-01,7.007321067037028950e-01
9.556417663950528274e-01,-3.390468676200172338e-01,5.398979369880925194e-01,7.033177234152219182e-01
9.547224954769075733e-01,-2.759838890642264397e-01,5.374299971451860225e-01,7.061192446570798698e-01
9.536144328434650319e-01,-2.128499950499028737e-01,5.349535782026894060e-01,7.090765357584041251e-01
9.523199356048900333e-01,-1.496438250425383698e-01,5.324702543881983940e-01,7.121418096749511095e-01
9.508413608713467413e-01,-8.636401850762431831e-02,5.299822653517696214e-01,7.152788441822423016e-01
9.491810657529998752e-01,-2.300921491065233138e-02,5.274927163442282296e-01,7.184613760353063538e-01
9.473414073600133767e-01,4.042194628288620084e-02,5.250054011797247178e-01,7.216710849281916529e-01
9.453247428025520760e-01,1.039308256074991110e-01,5.225253880917272165e-01,7.248956808755551151e-01
9.431334291907804701e-01,1.675187835976954531e-01,5.200594585164224348e-01,7.281269564166547026e-01
9.407698236348627230e-01,2.311871807879828378e-01,5.176169839525540661e-01,7.313603230704921465e-01
9.382362832449638868e-01,2.949373777128708740e-01,5.152108302798967809e-01,7.345929946172790048e-01
9.355351651312476813e-01,3.587707349068667284e-01,5.128587351723585819e-01,7.378236795512335133e-01
9.326688264038789367e-01,4.226886129044794549e-01,5.105848095767125949e-01,7.410515703012587885e-01
9.296396241730223720e-01,4.866923722402165531e-01,5.084206774621802261e-01,7.442748811767971873e-01
9.264499155488420401e-01,5.507833734485885202e-01,5.064065410555975699e-01,7.474898710122598322e-01
9.231020576415022161e-01,6.149629770641018567e-01,5.045908317651434105e-01,7.506896021681656039e-01
9.195984075611682851e-01,6.792325436212659495e-01,5.030283084477593647e-01,7.538643265984406039e-01
9.159413224180040780e-01,7.435934336545887424e-01,5.017772561534551423e-01,7.570007987011649897e-01
9.121331593221737588e-01,8.080470076985788452e-01,5.008945957455226416e-01,7.600837875160527668e-01
9.081762753838422686e-01,8.725946262877444237e-01,5.004305388698035983e-01,7.630972263787345611e-01
9.040730277131742154e-01,9.372376499565945318e-01,5.004234618444411975e-01,7.660248669314554393e-01
8.998257734203333191e-01,1.001977439239636114e+00,5.008951008293792695e-01,7.688511432854349126e-01
8.954368696154849649e-01,1.066815354671379001e+00,5.018480450208874233e-01,7.715598337536808682e-01
8.909086734087928727e-01,1.131752756786331915e+00,5.032650543402692467e-01,7.741320045430221120e-01
8.862435419104217615e-01,1.196791006119001466e+00,5.051107207298760615e-01,7.765425331718105451e-01
8.814438322305363505e-01,1.261931463203897152e+00,5.073352602968596026e-01,7.787559873727667448e-01
8.765119014793008034e-01,1.327175488575528028e+00,5.098793755093018465e-01,7.807234191079011065e-01
8.714501067668798395e-01,1.392524442768401371e+00,5.126800083674292186e-01,7.823800953030698446e-01
8.662608052034374007e-01,1.457979686317025569e+00,5.156758960188074781e-01,7.836458582293618358e-01
8.609463538991386500e-01,1.523542579755909898e+00,5.188124017283913814e-01,7.844285103530577175e-01
8.555091099641473074e-01,1.589214483619561413e+00,5.220451879559374619e-01,7.846301909888491188e-01
8.499514305086285360e-01,1.654996758442490279e+00,5.253427613110337457e-01,7.841559265252961985e-01
8.442756726427463887e-01,1.720890764759204439e+00,5.286873181001620070e-01,7.829236269792051450e-01
8.384841934766655847e-01,1.786897863104211615e+00,5.320754019081008757e-01,7.808732644932302458e-01
8.325793501205503988e-01,1.853019414012020638e+00,5.355170414651012623e-01,7.779746534240761235e-01
8.265634996845654392e-01,1.919256778017139675e+00,5.390354411499505005e-01,7.742319578406309244e-01
8.204389992788746477e-01,1.985611315654076892e+00,5.426658049610487700e-01,7.696847632784521442e-01
8.142082060136431876e-01,2.052084387457342007e+00,5.464550472716072083e-01,7.644049967134657342e-01
8.078734769990352227e-01,2.118677353961441412e+00,5.504616743252179756e-01,7.584907069271145108e-01
8.014371693452152501e-01,2.185391575700885269e+00,5.547554030622241505e-01,7.520573772140819457e-01
7.949016401623476558e-01,2.252228413210181746e+00,5.594167644289385066e-01,7.452275263510380610e-01
7.882692465605971588e-01,2.319189227023838118e+00,5.645354590980019571e-01,7.381200375898739896e-01
7.815423456501278121e-01,2.386275377676363441e+00,5.702076398112049249e-01,7.308400996689720097e-01
7.747232945411044458e-01,2.453488225702265879e+00,5.765311098224374931e-01,7.234713630378908356e-01
7.678144503436912238e-01,2.520829131636054932e+00,5.835986183226991031e-01,7.160708357948332159e-01
7.608181701680528652e-01,2.588299456012236544e+00,5.914891053930927400e-01,7.086672730233852802e-01
7.537368111243537561e-01,2.655900559365322433e+00,6.002579661168012670e-01,7.012655298356723632e-01
7.465727303227583933e-01,2.723633802229818990e+00,6.099271594438824273e-01,6.938530309778461191e-01
7.393282848734308299e-01,2.791500545140234824e+00,6.204766430863067894e-01,6.864112199988451346e-01
7.320058295496085776e-01,2.859502143377607108e+00,6.318384373776955165e-01,6.789302326957655787e-01
7.246039439355385081e-01,2.927631465504184405e+00,6.438947610179600600e-01,6.714255838227669582e-01
7.171097603977635293e-01,2.995855646451969889e+00,6.564810291166514045e-01,6.639536826506505784e-01
7.095082497798114174e-01,3.064136961995442832e+00,6.693939374486937988e-01,6.566245336777554176e-01
7.017843829252093935e-01,3.132437687909078949e+00,6.824037502226727447e-01,6.496136549770785695e-01
6.939231306774853447e-01,3.200720099967360177e+00,6.952697400669399785e-01,6.431647562807684126e-01
6.859094638801666033e-01,3.268946473944762676e+00,7.077561416746718237e-01,6.375877593616139372e-01
6.777283533767808343e-01,3.337079085615765273e+00,7.196473220758068390e-01,6.332511896190902156e-01
6.693647700108554810e-01,3.405080210754846348e+00,7.307597441163653507e-01,6.305680513682841992e-01
6.608036846259180974e-01,3.472912125136483397e+00,7.409492350705538799e-01,6.299760110517289569e-01
6.520300680654959047e-01,3.540537104535155688e+00,7.501143153422299426e-01,6.319147718510684797e-01
6.430288911731167900e-01,3.607917424725341604e+00,7.581952949532494435e-01,6.367926929488731957e-01
6.337851247923080855e-01,3.675015361481519527e+00,7.651710347873537099e-01,6.449801616013904892e-01
6.242837397665973453e-01,3.741793190578166506e+00,7.710545367193203381e-01,6.567589148049217673e-01
6.145097069395122347e-01,3.808213187789762699e+00,7.758884018193955567e-01,6.723274026306745865e-01
6.044479971545800856e-01,3.874237628890785157e+00,7.797415506555378517e-01,6.917917118519183450e-01
5.940835812553284523e-01,3.939828789655713592e+00,7.827058776387255667e-01,7.151782730199188753e-01
5.834014300852847779e-01,4.004948945859023723e+00,7.848941156674568154e-01,7.424635274713977662e-01
5.723865144879769495e-01,4.069560373275197485e+00,7.864356197794223347e-01,7.736185357169055310e-01
5.610238053069320774e-01,4.133625347678711037e+00,7.874738087788147878e-01,8.086612500938634707e-01
5.492982733856778266e-01,4.197106144844042319e+00,7.881591600514936680e-01,8.477039694781915991e-01
5.371948895677420843e-01,4.259965040545667492e+00,7.886431354278162775e-01,8.909806749680917459e-01
5.246986246966516276e-01,4.322164310558070710e+00,7.890702005901137905e-01,9.388396094132640535e-01
5.117944496159342327e-01,4.383666230655726359e+00,7.895718989177051839e-01,9.916910617293136498e-01
4.984673351691178422e-01,4.444433076613115041e+00,7.902604516701079440e-01,1.049905741950756255e+00
4.847022521997293998e-01,4.504427124204711141e+00,7.912230634315288169e-01,1.113681024770624139e+00
4.704841715512969591e-01,4.563610649204997927e+00,7.925190337205472169e-01,1.182902445505920719e+00
4.557980640673474637e-01,4.621945927388451558e+00,7.941771900917212745e-01,1.257008653771572337e+00
4.406289005914091339e-01,4.679395234529549974e+00,7.961945253175457538e-01,1.334909657168193098e+00
4.249616519670086912e-01,4.735920846402770223e+00,7.985376458450399451e-01,1.414984800834251155e+00
4.087812890376743002e-01,4.791485038782592909e+00,8.011455563328300222e-01,1.495160001956460816e+00
3.920727826469331823e-01,4.846050087443495968e+00,8.039357294652178521e-01,1.573060762169427251e+00
3.748211036383130024e-01,4.899578268159957339e+00,8.068114534560542062e-01,1.646215868981734998e+00
3.570112228553410372e-01,4.952031856706454960e+00,8.096703477186052433e-01,1.712272271496888765e+00
3.386281111415450629e-01,5.003373128857467655e+00,8.124149591365110723e-01,1.769181648711649846e+00
3.196567393404524671e-01,5.053564360387473364e+00,8.149586791985445888e-01,1.815332898452778121e+00
3.000820782955908594e-01,5.102567827070951800e+00,8.172299681944250604e-01,1.849615565495276170e+00
2.798890988504876276e-01,5.150345804682380013e+00,8.191784215651697343e-01,1.871420707430557995e+00
2.590627718486704367e-01,5.196860568996235052e+00,8.207749047089618610e-01,1.880602502575539736e+00
2.375880681336667022e-01,5.242074395786998409e+00,8.220144445948177614e-01,1.877427501675915655e+00
2.154499585490039781e-01,5.285949560829147131e+00,8.229271100097905745e-01,1.862528262208529073e+00
1.926334139382098187e-01,5.328448339897157382e+00,8.235866199455244008e-01,1.836875186251891723e+00
1.691234051448116393e-01,5.369533008765508875e+00,8.241267229990014709e-01,1.801757498676606950e+00
1.449049030123371051e-01,5.409165843208683100e+00,8.247532498972324211e-01,1.758760691760303807e+00
1.199628783843136870e-01,5.447309119001153555e+00,8.257505219179563927e-01,1.709720291442794249e+00
9.428230210426874480e-02,5.483925111917400841e+00,8.274787533202720979e-01,1.656637615954624998e+00
6.784814501572999923e-02,5.518976097731903785e+00,8.303553044136678940e-01,1.601565677785920405e+00
4.064537796222494892e-02,5.552424352219139436e+00,8.348245440245771753e-01,1.546470439146164999e+00
1.265897178728098149e-02,5.584232151153586621e+00,8.413164225732274737e-01,1.493093382963203375e+00
-1.612610266557434890e-02,5.614361770309725053e+00,8.502004126585623878e-01,1.442840179096573916e+00
-4.572487455281337709e-02,5.642775485462028229e+00,8.617413710282543216e-01,1.396714460266047730e+00
-7.615237303090865995e-02,5.669435572384982081e+00,8.760630072332216134e-01,1.355301932201328219e+00
-1.074236272563318662e-01,5.694304306853057440e+00,8.931248996736875778e-01,1.318808069135763761e+00
-1.395536663855571624e-01,5.717343964640739351e+00,9.127152460950251900e-01,1.287115959782296093e+00
-1.725575195750562174e-01,5.738516821522501310e+00,9.344583887291593172e-01,1.259901040213990742e+00
-2.064502159813014215e-01,5.757785153272823031e+00,9.578397614257843085e-01,1.236697745968735607e+00
-2.412467847607653315e-01,5.775111235666184228e+00,9.822414917391102396e-01,1.216991443598684608e+00
-2.769622550699203378e-01,5.790457344477059287e+00,1.006987343050656181e+00,1.200278671135365016e+00
-3.136116560652391638e-01,5.803785755479932362e+00,1.031389693703515631e+00,1.186105522729541395e+00
-3.512100169031938668e-01,5.815058744449277839e+00,1.054796067729931508e+00,1.174085980169161214e+00
-3.897723667402573366e-01,5.824238587159574543e+00,1.076624962307302980e+00,1.163905150680185407e+00
-4.293137347329017972e-01,5.831287559385300412e+00,1.096396581461165587e+00,1.155310898051550295e+00
-4.698454208131429555e-01,5.836171861906638725e+00,1.113745401846353289e+00,1.148100667441485534e+00
-5.113383805108195901e-01,5.838900157954201475e+00,1.128426088062439936e+00,1.142105455676560410e+00
-5.537389012316004111e-01,5.839507073939191883e+00,1.140307361276845954e+00,1.137174399417705040e+00
-5.969929162650297050e-01,5.838027608979757588e+00,1.149364161370566961e+00,1.133162278655156729e+00
-6.410463589006509810e-01,5.834496762194032904e+00,1.155668484594347900e+00,1.129916161082538784e+00
-6.858451624280087477e-01,5.828949532700162806e+00,1.159382276671378609e+00,1.127263662830296553e+00
-7.313352601366468475e-01,5.821420919616286049e+00,1.160753494832987176e+00,1.125019333881071226e+00
-7.774625853161093447e-01,5.811945922060544945e+00,1.160115487032232329e+00,1.122985685480551776e+00
-8.241730712559397487e-01,5.800559539151075583e+00,1.157883568600728275e+00,1.120957054442528911e+00
-8.714126512456832341e-01,5.787296770006026492e+00,1.154550248560154646e+00,1.118734741705529334e+00
-9.191272585748826440e-01,5.772192613743532874e+00,1.150672200251012356e+00,1.116142134655758511e+00
-9.672628265330821540e-01,5.755282069481735263e+00,1.146847774915915608e+00,1.113039540528831361e+00
-1.015765288409826494e+00,5.736600136338775080e+00,1.143680907306980021e+00,1.109336549184626985e+00
-1.064580577494658842e+00,5.716181813432796410e+00,1.141739847048084400e+00,1.105004158872406439e+00
-1.113654627077123260e+00,5.694062099881934458e+00,1.141504261091127459e+00,1.100075087756953618e+00
-1.162933370446764592e+00,5.670275994804335085e+00,1.143311839260336749e+00,1.094643514556991049e+00
-1.212362740893125901e+00,5.644858497318136159e+00,1.147305892405531047e+00,1.088855594443178809e+00
-1.261888671705751808e+00,5.617844606541478214e+00,1.153398570824025082e+00,1.082895635904336018e+00
-1.311457096174186265e+00,5.589269321592502671e+00,1.161252915405188713e+00,1.076964233860450371e+00
-1.361013947587972339e+00,5.559167641589349174e+00,1.170285928166389988e+00,1.071255609412914422e+00
-1.410505159236655537e+00,5.527574565650162697e+00,1.179706638439553146e+00,1.065927673539513787e+00
-1.459876664409778924e+00,5.494525092893078444e+00,1.188575652186387499e+00,1.061073569013037732e+00
-1.509074396396886453e+00,5.460054222436239613e+00,1.195891320233291477e+00,1.056694735737252033e+00
-1.558044288487521412e+00,5.424196953397788512e+00,1.200688511500607181e+00,1.052682083384501643e+00
-1.606732273971229530e+00,5.386988284895861234e+00,1.202138919539438078e+00,1.048808676206543389e+00
-1.655084286137554317e+00,5.348463216048603641e+00,1.199643981264944204e+00,1.044738566322774620e+00
-1.703046258276039504e+00,5.308656745974153601e+00,1.192903851298845685e+00,1.040053563995113617e+00
-1.750564123676229489e+00,5.267603873790652536e+00,1.181955393595874204e+00,1.034294822247821655e+00
-1.797583815627667336e+00,5.225339598616240977e+00,1.167171555130512850e+00,1.027014962338934190e+00
-1.844051267419897666e+00,5.181898919569059458e+00,1.149220644439755468e+00,1.017831717259292112e+00
-1.889912412342464654e+00,5.137316835767249401e+00,1.128989822086697625e+00,1.006475982854740048e+00
-1.935113183684911586e+00,5.091628346328949561e+00,1.107482218016966558e+00,9.928251675660459963e-01
-1.979599514736783306e+00,5.044868450372304913e+00,1.085703858660885146e+00,9.769147750522343410e-01
-2.023317338787623765e+00,4.997072147015452437e+00,1.064557482873855543e+00,9.589305897738590323e-01
-2.066212589126975807e+00,4.948274435376532665e+00,1.044756880415387723e+00,9.391812979379767778e-01
-2.108231199044385829e+00,4.898510314573688795e+00,1.026777533328256053e+00,9.180597989002303727e-01
-2.149319101829394896e+00,4.847814783725059584e+00,1.010846598350139569e+00,8.960000476747546072e-01
-2.189422230771548517e+00,4.796222841948786453e+00,9.969689391551465052e-01,8.734381417997882924e-01
-2.228486519160391310e+00,4.743769488363009934e+00,9.849807629461024838e-01,8.507821998732121305e-01
-2.266457900285465676e+00,4.690489722085871449e+00,9.746162292569759966e-01,8.283941594083916726e-01
-2.303282307436316678e+00,4.636418542235510643e+00,9.655703217739119992e-01,8.065838026949607720e-01
-2.338905673902488491e+00,4.581590947930068047e+00,9.575512547110860417e-01,7.856104419639758918e-01
-2.373273932973524847e+00,4.526041938287687749e+00,9.503098036125717796e-01,7.656901004228828800e-01
-2.406333017938969476e+00,4.469806512426505840e+00,9.436501492141655678e-01,7.470037737859482885e-01
-2.438028862088366111e+00,4.412919669464665517e+00,9.374245332094059968e-01,7.297038886999409613e-01
-2.468307398711260259e+00,4.355416408520307314e+00,9.315186158714925391e-01,7.139180036058150325e-01
-2.497114561097194319e+00,4.297331728711571763e+00,9.258356663127725872e-01,6.997484979946592132e-01
-2.524396282535713354e+00,4.238700629156598509e+00,9.202844706154791332e-01,6.872704067080100954e-01
-2.550098496316360208e+00,4.179558108973529862e+00,9.147752378047269151e-01,6.765255573610196027e-01
-2.574167135728679057e+00,4.119939167280505465e+00,9.092212583469376774e-01,6.675182504815009299e-01
-2.596548134062215407e+00,4.059878803195666741e+00,9.035463368390268535e-01,6.602098696862932492e-01
-2.617187424606512103e+00,3.999412015837154666e+00,8.976938670800959086e-01,6.545162743359029811e-01
-2.636030940651112875e+00,3.938573804323107552e+00,8.916348583768163305e-01,6.503063530071353515e-01
-2.653024615485562343e+00,3.877399167771669930e+00,8.853736011258357408e-01,6.474038788465216188e-01
-2.668114382399404239e+00,3.815923105300981888e+00,8.789439928915335765e-01,6.455891449761036460e-01
-2.681246174682183181e+00,3.754180616029180850e+00,8.724098693771188406e-01,6.446075128319944669e-01
-2.692365925623441569e+00,3.692206699074409570e+00,8.658565018297814664e-01,6.441757685329163596e-01
-2.701419568512726244e+00,3.630036353554809025e+00,8.593830745871636756e-01,6.439946302247658849e-01
-2.708353246258083491e+00,3.567704523969851937e+00,8.530949806354766185e-01,6.437597915475952171e-01
-2.713146478162540287e+00,3.505237458190910260e+00,8.470938941653710641e-01,6.431785415472955902e-01
-2.715848436702421598e+00,3.442643255102767252e+00,8.414703429681505975e-01,6.419835742174022641e-01
-2.716517015280425440e+00,3.379927741246136819e+00,8.362959381139180026e-01,6.399492817761802677e-01
-2.715210107299247611e+00,3.317096743161730199e+00,8.316159534098958028e-01,6.369052612192905860e-01
-2.711985606161583018e+00,3.254156087390259522e+00,8.274431542720762645e-01,6.327463179865946419e-01
-2.706901405270128791e+00,3.191111600472434695e+00,8.237541497464633267e-01,6.274373817363426697e-01
-2.700015398027580282e+00,3.127969108948969179e+00,8.204891189045883104e-01,6.210127197982868719e-01
-2.691385477836634621e+00,3.064734439360575102e+00,8.175569091659927734e-01,6.135671318295520260e-01
-2.681069538099985383e+00,3.001413418247961484e+00,8.148434978535283868e-01,6.052435742696927745e-01
-2.669125472220331030e+00,2.938011872151843562e+00,8.122252045654558827e-01,5.962166681740395102e-01
-2.655611173600366026e+00,2.874535627612930799e+00,8.095825880800197050e-01,5.866757648945898351e-01
-2.640584535642787500e+00,2.810990511171934436e+00,8.068131528004681696e-01,5.768103250167485596e-01
-2.624103451750291249e+00,2.747382349369568821e+00,8.038415369333020699e-01,5.667978980063312910e-01
-2.606225815325573514e+00,2.683716968746543419e+00,8.006238459650487638e-01,5.567985815206516476e-01
-2.587009519771329202e+00,2.620000195843570800e+00,7.971468342342259428e-01,5.469543239935642509e-01
-2.566512458490255444e+00,2.556237857201361763e+00,7.934228861269475575e-01,5.373924388407200770e-01
-2.544792524885048923e+00,2.492435779360629766e+00,7.894810224771630081e-01,5.282321988542326707e-01
-2.521907612358403217e+00,2.428599788862085607e+00,7.853572655094026578e-01,5.195919046010338826e-01
-2.497915614313015897e+00,2.364735712246440080e+00,7.810848064899098553e-01,5.115946375561341020e-01
-2.472874424151583650e+00,2.300849376054406203e+00,7.766864541210860562e-01,5.043706981499294084e-01
-2.446841935276801383e+00,2.236946606826695216e+00,7.721680625984765900e-01,4.980563322900655177e-01
-2.419876041091365337e+00,2.173033231104018803e+00,7.675156838978745011e-01,4.927872345884748984e-01
-2.392034634997972198e+00,2.109115075427089092e+00,7.626949993439970932e-01,4.886887607297654146e-01
-2.363375610399317317e+00,2.045197966336617768e+00,7.576538578682064928e-01,4.858639311994462084e-01
-2.333956860698096936e+00,1.981287730373315847e+00,7.523278562717220508e-01,4.843811579090711583e-01
-2.303836279297007295e+00,1.917390194077895904e+00,7.466497858236134100e-01,4.842635156876436975e-01
-2.273071759598744190e+00,1.853511183991069178e+00,7.405601096544561779e-01,4.854847284759601922e-01
-2.241721195006004308e+00,1.789656526653547575e+00,7.340200777669690924e-01,4.879684007186558814e-01
-2.209842478921481224e+00,1.725832048606042335e+00,7.270233011284579216e-01,4.915950008202449872e-01
-2.177493504747875175e+00,1.662043576389266253e+00,7.196048723721250040e-01,4.962131135814926153e-01
-2.144732165887877962e+00,1.598296936543929236e+00,7.118434865100656816e-01,5.016562658541592334e-01
-2.111616355744188933e+00,1.534597955610745190e+00,7.038585387701523643e-01,5.077583319324451283e-01
-2.078203967719501666e+00,1.470952460130424244e+00,6.957983134293623806e-01,5.143701500685033956e-01
-2.044552895216513733e+00,1.407366276643679193e+00,6.878239242733730219e-01,5.213718096640743704e-01
-2.010721031637920042e+00,1.343845231691221054e+00,6.800900885254769213e-01,5.286803580423976578e-01
-1.976766270386417279e+00,1.280395151813761290e+00,6.727266730967360608e-01,5.362525609131931770e-01
-1.942746504864702128e+00,1.217021863552012917e+00,6.658245422353437082e-01,5.440822879035893678e-01
-1.908719628475469721e+00,1.153731193446686287e+00,6.594275233685622517e-01,5.521931438678638893e-01
-1.874743534621415630e+00,1.090528968038493751e+00,6.535319048076010384e-01,5.606281903515779597e-01
-1.840876116705237209e+00,1.027421013868146993e+00,6.480922912375060019e-01,5.694374539391872103e-01
-1.807175268129629364e+00,9.644131574763574744e-01,6.430321868377942840e-01,5.786652219867974845e-01
-1.773698882297288781e+00,9.015112254038373241e-01,6.382568307523314166e-01,5.883383107101417542e-01
-1.740504852610911701e+00,8.387210441912984482e-01,6.336654557334189253e-01,5.984560452691185528e-01
-1.707651072473193476e+00,7.760484403794518649e-01,6.291624523917772605e-01,6.089835392221256694e-01
-1.675195435286831680e+00,7.134992405090128109e-01,6.246650901402631684e-01,6.198476610860252922e-01
-1.643195834454519888e+00,6.510792711206865313e-01,6.201084253927577894e-01,6.309364926854013067e-01
-1.611710163378955230e+00,5.887943587551884850e-01,6.154473328358159856e-01,6.421016259455293307e-01
-1.580796315462833945e+00,5.266503299532296900e-01,6.106567064741006412e-01,6.531647305902934519e-01
-1.550512184108851610e+00,4.646530112555219416e-01,6.057301980676034203e-01,6.639255140199886718e-01
-1.520915662719705130e+00,4.028082292027775901e-01,6.006784441242604133e-01,6.741731583424187546e-01
-1.492064644698089193e+00,3.411218103357072096e-01,5.955269101672077126e-01,6.836997863083399407e-01
-1.464017023446701149e+00,2.795995811950238719e-01,5.903142101447209633e-01,6.923146015431118627e-01
-1.436830692368236795e+00,2.182473683214385396e-01,5.850914156675445232e-01,6.998570917690618565e-01
-1.410563544865391039e+00,1.570709982556629525e-01,5.799206770630135344e-01,7.062082092567040226e-01
-1.385273474340861899e+00,9.607629753840901676e-02,5.748763223416849533e-01,7.112956769121434597e-01
-1.361018374197343173e+00,3.526909271038847216e-02,5.700442561311724887e-01,7.150949399538626405e-01
-1.337856137837532655e+00,-2.534478968768699714e-02,5.655217205472613529e-01,7.176232504685344793e-01
-1.315844658664125477e+00,-8.575952311510559589e-02,5.614156980319944257e-01,7.189288205656643171e-01
-1.295041830079818101e+00,-1.459692810311557509e-01,5.578397368561518466e-01,7.190764823867408229e-01
-1.275505545487306325e+00,-2.059682368951259446e-01,5.549085390834612719e-01,7.181338132816812436e-01
-1.257293698289286166e+00,-2.657505641663038265e-01,5.527317685619291820e-01,7.161596876122082733e-01
-1.240461545378054309e+00,-3.253108163913282502e-01,5.514049426272021881e-01,7.131979267932833100e-01
-1.225024015738930716e+00,-3.846493609104363887e-01,5.510021874151342924e-01,7.092771934020465352e-01
-1.210964538637731236e+00,-4.437711061591380624e-01,5.515691981127606169e-01,7.044167656634860997e-01
-1.198265706321725466e+00,-5.026810812400782646e-01,5.531182901139946040e-01,6.986369418813898058e-01
-1.186910111038183224e+00,-5.613843152559025995e-01,5.556271765741188640e-01,6.919710978436418580e-01
-1.176880345034374997e+00,-6.198858373092569485e-01,5.590394427552811685e-01,6.844775936186973109e-01
-1.168159000557569716e+00,-6.781906765027868600e-01,5.632721733326233604e-01,6.762446303966100913e-01
-1.160728669855037865e+00,-7.363038619391377715e-01,5.682195668481506701e-01,6.673939370932573389e-01
-1.154571945174049263e+00,-7.942304227209552314e-01,5.737661472429866905e-01,6.580737465338132308e-01
-1.149671418761873731e+00,-8.519753879508848993e-01,5.797936188355135023e-01,6.484499229536849763e-01
-1.146009682865780865e+00,-9.095437867315727676e-01,5.861919643539496017e-01,6.386917597862100671e-01
-1.143569329733040707e+00,-9.669406481656639407e-01,5.928674988180598904e-01,6.289587925160284865e-01
-1.142332951610923519e+00,-1.024171001355804522e+00,5.997492246081619349e-01,6.193893177167888453e-01
-1.142283140746698678e+00,-1.081239875404639061e+00,6.067927012725623515e-01,6.100937708191355169e-01
-1.143402489387636001e+00,-1.138152299414814550e+00,6.139820361974375196e-01,6.011521676533470027e-01
-1.145673589781005530e+00,-1.194913302488975537e+00,6.213318874487658849e-01,5.926153457055789442e-01
-1.149079034174077529e+00,-1.251527913729768349e+00,6.288854798181724437e-01,5.845088853557333097e-01
-1.153601414814121151e+00,-1.308001162239837978e+00,6.367119358638911875e-01,5.768381080451725484e-01
-1.159223323948406881e+00,-1.364338077121830306e+00,6.449012907089349822e-01,5.695930987088994035e-01
-1.165927353824204094e+00,-1.420543687478390771e+00,6.535553203082815621e-01,5.627543277727066195e-01
-1.173696096688782609e+00,-1.476623022412165254e+00,6.627781517075203022e-01,5.562971604369001399e-01
-1.182512144789413133e+00,-1.532581111025799636e+00,6.726619023899940153e-01,5.501994712191577985e-01
-1.192358090373364155e+00,-1.588422982421938690e+00,6.832744212288341945e-01,5.444477397983399358e-01
-1.203216525687906602e+00,-1.644153665703228517e+00,6.946446634834025913e-01,5.390478588264903115e-01
-1.215070042980310516e+00,-1.699778189972314779e+00,7.067549398300644325e-01,5.340345141678146668e-01
-1.227901234497844607e+00,-1.755301584331842468e+00,7.195374009410285820e-01,5.294790538477304187e-01
-1.241692692487780247e+00,-1.810728877884458576e+00,7.328778804765496702e-01,5.254928129501881262e-01
-1.256427009197385702e+00,-1.866065099732806765e+00,7.466220294612849750e-01,5.222291861765480103e-01
-1.272086776873931901e+00,-1.921315278979534469e+00,7.605831103006998051e-01,5.198818178902435694e-01
-1.288654587764688442e+00,-1.976484444727285572e+00,7.745485448640128112e-01,5.186778463237703418e-01
-1.306113034116925364e+00,-2.031577626078707510e+00,7.882818798432514873e-01,5.188703264421259398e-01
-1.324444708177912267e+00,-2.086599852136444611e+00,8.015222389699845351e-01,5.207261317980311777e-01
-1.343632202194918968e+00,-2.141556152003142532e+00,8.139830712821066738e-01,5.245115242564013514e-01
-1.363658108415215509e+00,-2.196451554781447157e+00,8.253559300662782761e-01,5.304723385022951376e-01
-1.384505019086071487e+00,-2.251291089574003923e+00,8.353214993422385382e-01,5.388118490730405830e-01
-1.406155526454757387e+00,-2.306079785483459599e+00,8.435722477912710460e-01,5.496651334558950719e-01
-1.428592222768542364e+00,-2.360822671612458290e+00,8.498422040044633086e-01,5.630740988020196403e-01
-1.451797700274696901e+00,-2.415524777063645878e+00,8.539409449517164630e-01,5.789685314656140003e-01
-1.475754551220490374e+00,-2.470191130939668689e+00,8.557826590704902259e-01,5.971563169803407733e-01
-1.500445367853192824e+00,-2.524826762343170827e+00,8.554043513338820404e-01,6.173253137373487798e-01
-1.525852742420074293e+00,-2.579436700376799507e+00,8.529668551861793180e-01,6.390587181019959928e-01
-1.551959267168404155e+00,-2.634025974143200166e+00,8.487393566560240687e-01,6.618608207663760901e-01
-1.578747534345452452e+00,-2.688599612745016465e+00,8.430673625004427851e-01,6.851893899930801002e-01
-1.606200136198489892e+00,-2.743162645284896950e+00,8.363339801751255020e-01,7.084883719089725140e-01
-1.634299664974784738e+00,-2.797720100865484838e+00,8.289201874316147745e-01,7.312166009937857147e-01
-1.663028712921608587e+00,-2.852277008589426899e+00,8.211708250480287408e-01,7.528696084362951346e-01
-1.692369872286228816e+00,-2.906838397559366349e+00,8.133722793187044831e-01,7.729929967551748549e-01
-1.722305735315918129e+00,-2.961409296877952624e+00,8.057394717789847505e-01,7.911910086268100217e-01
-1.752818894257945237e+00,-3.015994735647830716e+00,7.984186573391998110e-01,8.071293466117781534e-01
-1.783891941359580180e+00,-3.070599742971644286e+00,7.914905090373576257e-01,8.205391175642527957e-01
-1.815507468868092111e+00,-3.125229347952039660e+00,7.849853224866437662e-01,8.312198106736830017e-01
-1.847648069030751961e+00,-3.179888579691663608e+00,7.788938140439571889e-01,8.390451658937031487e-01
-1.880296334094829103e+00,-3.234582467293159791e+00,7.731801388638989136e-01,8.439688580966734355e-01
-1.913434856307592913e+00,-3.289316039859174534e+00,7.677930356423273706e-01,8.460292607062782633e-01
-1.947046227916314542e+00,-3.344094326492354607e+00,7.626749177094552801e-01,8.453510842366334099e-01
-1.981113041168262257e+00,-3.398922356295344560e+00,7.577688865342341318e-01,8.421425785841467615e-01
-2.015617888310706540e+00,-3.453805158370788941e+00,7.530233643028658719e-01,8.366863948901503978e-01
-2.050543361590917435e+00,-3.508747761821334521e+00,7.483977967593563596e-01,8.293249569498831741e-01
-2.085872053256164538e+00,-3.563755195749626736e+00,7.438653088550557513e-01,8.204417406591871798e-01
-2.121586555553718778e+00,-3.618832489258312357e+00,7.394146544192222725e-01,8.104387250887892247e-01
-2.157669460730848865e+00,-3.673984671450035933e+00,7.350515031148975309e-01,7.997146017631961978e-01
-2.194103361034824395e+00,-3.729216771427442012e+00,7.307956968402971043e-01,7.886454224905913302e-01
-2.230863771127875594e+00,-3.784534162738260488e+00,7.266792479208860067e-01,7.775702696838304728e-01
-2.267872108940609088e+00,-3.839944851657777658e+00,7.227425509872023035e-01,7.667833935767757181e-01
-2.305024827933323639e+00,-3.895458059408043905e+00,7.190288558575034239e-01,7.565292005516872642e-01
-2.342218247573773837e+00,-3.951083013732131555e+00,7.155762058200495490e-01,7.470063524768588703e-01
-2.379348687329715162e+00,-4.006828942373108937e+00,7.124092618051953707e-01,7.383740638298952330e-01
-2.416312466668901759e+00,-4.062705073074046602e+00,7.095306615401630879e-01,7.307627258065066966e-01
-2.453005905059089997e+00,-4.118720633578016432e+00,7.069135499310843507e-01,7.242808438673945526e-01
-2.489325321968035354e+00,-4.174884851628085869e+00,7.044956415236578451e-01,7.190197968318526867e-01
-2.525167036863491976e+00,-4.231206954967328571e+00,7.021755377550711330e-01,7.150532193047965945e-01
-2.560427369213216231e+00,-4.287696171338812867e+00,6.998146785147330018e-01,7.124294812299557522e-01
-2.595002638484963597e+00,-4.344361728485611529e+00,6.972433741994763512e-01,7.111572085779126473e-01
-2.628789164146488666e+00,-4.401212854150791109e+00,6.942740383751717648e-01,7.111879249316257479e-01
-2.661683265665546472e+00,-4.458258776077424379e+00,6.907204291501337634e-01,7.123983742757371562e-01
-2.693581262509892937e+00,-4.515508722008582332e+00,6.864220584324479679e-01,7.145794136666749896e-01
-2.724379474147283986e+00,-4.572971919687334186e+00,6.812708190953850051e-01,7.174376574351877256e-01
-2.753974220045473764e+00,-4.630657596856750935e+00,6.752363386891608865e-01,7.206127357231724151e-01
-2.782261819672216863e+00,-4.688574981259901797e+00,6.683852692161514897e-01,7.237102398478091336e-01
-2.809138592495270537e+00,-4.746733300639858655e+00,6.608877158578019273e-01,7.263495089203496624e-01
-2.834500857982389377e+00,-4.805141782739691614e+00,6.530097403722886495e-01,7.282164040977870956e-01
-2.858244935601327530e+00,-4.863809655302469004e+00,6.450888058058606989e-01,7.291137082248986268e-01
-2.880267144819841807e+00,-4.922746146071263595e+00,6.374957623122695649e-01,7.289962572134540686e-01
-2.900463805105686799e+00,-4.981960482789144606e+00,6.305882396111519572e-01,7.279898218161675594e-01
-2.918731235926618872e+00,-5.041461893199184807e+00,6.246653975717213481e-01,7.263769608144704515e-01
-2.934965756750391286e+00,-5.101259605044450751e+00,6.199312023946603745e-01,7.245657032326202618e-01
-2.949063687044761739e+00,-5.161362846068016097e+00,6.164748055898321422e-01,7.230373045186556658e-01
-2.960921346277483046e+00,-5.221780844012949174e+00,6.142708483102577999e-01,7.222858984490415635e-01
-2.970435053916311574e+00,-5.282522826622320089e+00,6.131982166791966060e-01,7.227602640066052020e-01
-2.977501129429003246e+00,-5.343598021639201612e+00,6.130724719501940978e-01,7.248210629587984455e-01
-2.982015892283312652e+00,-5.405015656806662072e+00,6.136835045045787584e-01,7.287153901379277432e-01
-2.983875661946996605e+00,-5.466784959867773352e+00,6.148285197790079870e-01,7.345737181827389772e-01
-2.982976757887807029e+00,-5.528915158565603782e+00,6.163359662285115004e-01,7.424245342899231659e-01
-2.979224293038778892e+00,-5.591411096949276960e+00,6.180763745234840734e-01,7.522204102778329293e-01
-2.972637930664184136e+00,-5.654220513754138366e+00,6.199601556791340951e-01,7.638590071101238888e-01
-2.963317545483207915e+00,-5.717251160923250808e+00,6.219279627355702722e-01,7.772038576538502497e-01
-2.951364663348044370e+00,-5.780409967281422645e+00,6.239377628427561495e-01,7.920914644474023047e-01
-2.936880810110890749e+00,-5.843603861653462239e+00,6.259538607290517920e-01,8.083219357193709431e-01
-2.919967511623940748e+00,-5.906739772864178839e+00,6.279408841022925403e-01,8.256439074624286611e-01
-2.900726293739389394e+00,-5.969724629738382582e+00,6.298646114480832559e-01,8.437474897013748087e-01
-2.879258682309433937e+00,-6.032465361100880941e+00,6.316938533951189649e-01,8.622614461800794938e-01
-2.855666203186266294e+00,-6.094868895776479611e+00,6.334044322798996207e-01,8.807745843301384436e-01
-2.830050382222084160e+00,-6.156842162589994061e+00,6.349814209378897845e-01,8.988711894293415217e-01
-2.802512745269081229e+00,-6.218292090366227320e+00,6.364165533833809896e-01,9.161863604194178112e-01
-2.773154818179453862e+00,-6.279125607929991304e+00,6.377072487812378565e-01,9.324554849406836432e-01
-2.742078126805397087e+00,-6.339249644106093484e+00,6.388550541347531864e-01,9.475581914463873101e-01
-2.709384196999106376e+00,-6.398571127719343998e+00,6.398695028637538806e-01,9.615375800754275559e-01
-2.675174554612775424e+00,-6.456996987594550319e+00,6.407761103841931316e-01,9.745945509152487141e-01
-2.639550725498600148e+00,-6.514434152556519031e+00,6.416284982315796359e-01,9.870562487422920306e-01
-2.602614235508775575e+00,-6.570789551430062936e+00,6.425256348963985786e-01,9.993287461490463208e-01
-2.564466610495498067e+00,-6.625970113039990395e+00,6.436217446682404031e-01,1.011844527078640921e+00
-2.525209376310964426e+00,-6.679882766211107104e+00,6.451310044815188327e-01,1.025007731995399185e+00
-2.484944058807364797e+00,-6.732434439768224976e+00,6.473193835884857306e-01,1.039157394407988377e+00
-2.443772183836896872e+00,-6.783532062536152374e+00,6.504857597015076820e-01,1.054529439195836416e+00
-2.401795277251755234e+00,-6.833082563339694993e+00,6.549334263274398937e-01,1.071239305687166521e+00
-2.359114864904136688e+00,-6.880992871003666522e+00,6.609370828873306625e-01,1.089259456029258999e+00
-2.315832472646235374e+00,-6.927169914352871771e+00,6.687122743872586650e-01,1.108418817179974925e+00
-2.272049626330245875e+00,-6.971520622212121765e+00,6.783904542970319307e-01,1.128400237984761745e+00
-2.227867851808364552e+00,-7.013951923406225752e+00,6.900017421792259409e-01,1.148781581525704309e+00
-2.183388674932785989e+00,-7.054370746759989430e+00,7.034711621022896599e-01,1.169080475664731056e+00
-2.138713621555705657e+00,-7.092684021098224711e+00,7.186202373913520569e-01,1.188835004861468869e+00
-2.093944217529318141e+00,-7.128798675245737293e+00,7.351780780437207063e-01,1.207690173937242761e+00
-2.049181988705819357e+00,-7.162621638027336424e+00,7.528008729488666617e-01,1.225469395845013798e+00
-2.004528460937404333e+00,-7.194059838267835794e+00,7.710935713600290953e-01,1.242225259317373487e+00
-1.960085160076268096e+00,-7.223020204792040211e+00,7.896406256597681139e-01,1.258228638136607902e+00
-1.915941601851231857e+00,-7.249425198763209011e+00,8.080388477069619935e-01,1.273918915837626953e+00
-1.872121125980888756e+00,-7.273282864827502969e+00,8.259335929937681176e-01,1.289793741162885699e+00
-1.828624402234586555e+00,-7.294630566008033945e+00,8.430522120472353498e-01,1.306282969893678425e+00
-1.785452080317675883e+00,-7.313505691276097842e+00,8.592312694087741454e-01,1.323616748537278287e+00
-1.742604809935504484e+00,-7.329945629602982571e+00,8.744315527248075481e-01,1.341732197249327241e+00
-1.700083240793421657e+00,-7.343987769959979595e+00,8.887367149948612877e-01,1.360226352876771960e+00
-1.657888022596778033e+00,-7.355669501318385706e+00,9.023341617350085775e-01,1.378382417730087628e+00
-1.616019805050922020e+00,-7.365028212649487926e+00,9.154798599605336040e-01,1.395265072564068287e+00
-1.574479237861203140e+00,-7.372101292924583937e+00,9.284509910225998697e-01,1.409862314488453006e+00
-1.533266970732970913e+00,-7.376926131114960761e+00,9.414943284291292791e-01,1.421262294340098542e+00
-1.492383653371574637e+00,-7.379540116191916077e+00,9.547815241661846697e-01,1.428815768198509417e+00
-1.451829935482363609e+00,-7.379980637126736909e+00,9.683738979731730812e-01,1.432275795560948195e+00
-1.411606466770687129e+00,-7.378285082890715607e+00,9.822107036754891274e-01,1.431860754018532633e+00
-1.371713896941894495e+00,-7.374490842455150741e+00,9.961118489144676902e-01,1.428255824721369027e+00
-1.332152875701335226e+00,-7.368635304791325780e+00,1.009810512221696932e+00,1.422527550335257907e+00
-1.292924052754358621e+00,-7.360755858870538404e+00,1.022995266504936218e+00,1.415977536196713960e+00
-1.254028077806313757e+00,-7.350889893664079189e+00,1.035363355065977098e+00,1.409964794682752043e+00
-1.215465600562549930e+00,-7.339074798143239597e+00,1.046673640404475192e+00,1.405711016089812304e+00
-1.177237270728417107e+00,-7.325347961279314646e+00,1.056791225723834771e+00,1.404133551773283362e+00
-1.139343738009264362e+00,-7.309746772043595797e+00,1.065720772682606343e+00,1.405716768150612417e+00
-1.101785652110440994e+00,-7.292308619407371850e+00,1.073615326889120647e+00,1.410451245051374869e+00
-1.064563662737296301e+00,-7.273070892341937821e+00,1.080773503740148467e+00,1.417830705157324234e+00
-1.027678419595179138e+00,-7.252070979818585172e+00,1.087610728761186696e+00,1.426916880493189099e+00
-9.911305723894398012e-01,-7.229346270808607144e+00,1.094615946368727277e+00,1.436456560478809763e+00
-9.549207708254268123e-01,-7.204934154283291647e+00,1.102292197775232019e+00,1.445036808346265023e+00
-9.190496646084901355e-01,-7.178872019213940803e+00,1.111085333251324414e+00,1.451260080924243301e+00
-8.835179034439787360e-01,-7.151197254571834527e+00,1.121314107194537613e+00,1.453917530240978584e+00
-8.483261370372416899e-01,-7.121947249328270502e+00,1.133105434389230171e+00,1.452135422270066201e+00
-8.134750150936289614e-01,-7.091159392454543742e+00,1.146349506775165228e+00,1.445465365281938253e+00
-7.789651873184897379e-01,-7.058871072921943046e+00,1.160684154985555327e+00,1.433919559368783903e+00
-7.447973034171733175e-01,-7.025119679701760766e+00,1.175516705106050441e+00,1.417925477183865413e+00
-7.109720130950289985e-01,-6.989942601765291919e+00,1.190083083558268751e+00,1.398233198899951013e+00
-6.774899660574058569e-01,-6.953377228083823525e+00,1.203536517570396480e+00,1.375770588318883547e+00
-6.443518120096536350e-01,-6.915460947628651489e+00,1.215052687293592948e+00,1.351503694034112968e+00
-6.115582006571215201e-01,-6.876231149371069051e+00,1.223933375857010120e+00,1.326296802517749507e+00
-5.791097817051586993e-01,-6.835725222282363234e+00,1.229684577895968633e+00,1.300834803229918402e+00
-5.470072048591148040e-01,-6.793980555333832605e+00,1.232066405985267066e+00,1.275579601813255470e+00
-5.152511198243391322e-01,-6.751034537496765076e+00,1.231097315596617392e+00,1.250782698269935045e+00
-4.838421763061808711e-01,-6.706924557742452109e+00,1.227021883072447972e+00,1.226533275650682819e+00
-4.527810240099892081e-01,-6.661688005042188720e+00,1.220254004889051336e+00,1.202815179509494792e+00
-4.220683126411138852e-01,-6.615362268367267262e+00,1.211303270482104733e+00,1.179572972792590546e+00
-3.917046919049040343e-01,-6.567984736688978309e+00,1.200704179043781794e+00,1.156756326178603578e+00
-3.616908115067092311e-01,-6.519592798978614212e+00,1.188957393983765431e+00,1.134352231263221045e+00
-3.320273211518785517e-01,-6.470223844207468211e+00,1.176489837458871035e+00,1.112393615509176037e+00
-3.027148705457612943e-01,-6.419915261346831770e+00,1.163634961215997743e+00,1.090960507635677645e+00
-2.737541093937067016e-01,-6.368704439367996351e+00,1.150626632145285821e+00,1.070169634545748316e+00
-2.451456874010646825e-01,-6.316628767242254305e+00,1.137619375914158626e+00,1.050159590200562265e+00
-2.168902542731839800e-01,-6.263725633940900650e+00,1.124699311710048999e+00,1.031083553510251383e+00
-1.889884597154143642e-01,-6.210032428435224183e+00,1.111906563781829949e+00,1.013096432890516763e+00
-1.614409534331064378e-01,-6.155586539696519921e+00,1.099253110041549908e+00,9.963527184902225553e-01
-1.342483851316063070e-01,-6.100425356696073997e+00,1.086735972434572206e+00,9.809973920419730042e-01
-1.074114045162655184e-01,-6.044586268405186757e+00,1.074343085873114223e+00,9.671698062604765500e-01
-8.093066129243281503e-02,-5.988106663795144335e+00,1.062055115165862595e+00,9.549898671222367685e-01
-5.480680516545780034e-02,-5.931023931837240859e+00,1.049838778109331239e+00,9.445676553890606231e-01
-2.904048584068966848e-02,-5.873375461502769568e+00,1.037642838257058164e+00,9.359978823357834044e-01
-3.632353023477814802e-03,-5.815198641763021037e+00,1.025385605670114941e+00,9.293626404327494095e-01
2.141694358082834454e-02,-5.756530861589289394e+00,1.012954547573038155e+00,9.247267549857813851e-01
4.610675426687953216e-02,-5.697409509952865214e+00,1.000211136533946110e+00,9.221328699980024801e-01
7.043642932932644984e-02,-5.637871975825039961e+00,9.870048175083456776e-01,9.215917768400865295e-01
9.440531906281966756e-02,-5.577955648177108650e+00,9.731984132843456425e-01,9.230676623081925936e-01
1.180127737620098177e-01,-5.517697915980361856e+00,9.586997145296667355e-01,9.264607355717824344e-01
1.412581437215477131e-01,-5.457136168206090154e+00,9.434962529324079084e-01,9.315930286128086824e-01
1.641407792360838336e-01,-5.396307793825587673e+00,9.276799112914985157e-01,9.381993313455880834e-01
1.866600306002689780e-01,-5.335250181810145875e+00,9.114585674699831053e-01,9.459288609804384906e-01
2.088152481087537371e-01,-5.274000721131058889e+00,8.951461058316039221e-01,9.543621959821062539e-01
2.306057820561887572e-01,-5.212596800759616400e+00,8.791304889219979657e-01,9.630415760283363991e-01
2.520309827372247957e-01,-5.151075809667110761e+00,8.638261344757522942e-01,9.715106735890250977e-01
2.730902004465123878e-01,-5.089475136824835211e+00,8.496178213009273339e-01,9.793553859462152955e-01
2.937827854787022352e-01,-5.027832171204082101e+00,8.368097733143163852e-01,9.862404470710838256e-01
