x_m,y_m,throttle,heading_rad
3.977234084668710978e-01,-4.993507325265357011e+00,6.069796482510807500e-01,-4.788600056835961016e-01
4.198777615828730991e-01,-4.948746909022350593e+00,6.133114090710033439e-01,-4.654855121147554176e-01
4.413993785504851664e-01,-4.903695653621832129e+00,6.196034460602112270e-01,-4.522839915179828196e-01
4.622973485331846044e-01,-4.858364547501389907e+00,6.257939399437327799e-01,-4.392576921322839389e-01
4.825804798882539770e-01,-4.812765619432464170e+00,6.317656310790047414e-01,-4.264144716372348931e-01
5.022712619161522341e-01,-4.766878501596888640e+00,6.372566838220202756e-01,-4.137632425128059399e-01
5.213652345935044785e-01,-4.720744627428643092e+00,6.419793611715622905e-01,-4.013038896278617873e-01
5.398693443825433036e-01,-4.674381162111227894e+00,6.451377131889298733e-01,-3.890400814797192464e-01
5.577934479753283714e-01,-4.627798619385897538e+00,6.444076673924246101e-01,-3.769768137755888926e-01
5.751537114575178133e-01,-4.580990219366902316e+00,6.378190642000233224e-01,-3.651198710224303756e-01
5.919572934058990876e-01,-4.533972279790403626e+00,6.437304041125067045e-01,-3.534716166102287449e-01
6.082090935895502204e-01,-4.486768875358790432e+00,6.508644393547956541e-01,-3.420364279224272774e-01
6.239195672390174252e-01,-4.439389268386502607e+00,6.574456213508655944e-01,-3.308175984313621587e-01
6.391004899300984921e-01,-4.391838408244154834e+00,6.638009476350831273e-01,-3.198163433130374322e-01
6.537670360611964604e-01,-4.344109214381080442e+00,6.699797955885000711e-01,-3.090379714177875492e-01
6.679225908843112736e-01,-4.296232648781115770e+00,6.761433317322171899e-01,-2.984858955823661564e-01
6.815779526030096847e-01,-4.248216674714002217e+00,6.822941472194132828e-01,-2.881629785422086254e-01
6.947439240760160395e-01,-4.200069019590817909e+00,6.884619792979753683e-01,-2.780658289531596772e-01
7.074348634293778915e-01,-4.151783381630040459e+00,6.946920608753726079e-01,-2.682016645484972539e-01
7.196590861625559166e-01,-4.103375361545794853e+00,7.010011734045809018e-01,-2.585727933982084892e-01
7.314255900449634362e-01,-4.054858924478581983e+00,7.074048394099823334e-01,-2.491810053449852180e-01
7.427452985423147469e-01,-4.006240543661896858e+00,7.139216354358861594e-01,-2.400211604486821582e-01
7.536294403631316197e-01,-3.957524967400970706e+00,7.205595778260042161e-01,-2.310983535426869295e-01
7.640918589312299947e-01,-3.908703884824558106e+00,7.273296906940749373e-01,-2.224119540215685475e-01
7.741395797494412534e-01,-3.859800055751996251e+00,7.342414962332910466e-01,-2.139605718956429925e-01
7.837835186653457908e-01,-3.810818803778507124e+00,7.413064678512933936e-01,-2.057391711778053800e-01
7.930345580332092137e-01,-3.761765223687176363e+00,7.485236826371549634e-01,-1.977483655062770573e-01
8.019046822956925613e-01,-3.712637752553049175e+00,7.558996741919667972e-01,-1.899840111615245242e-01
8.104048715441228845e-01,-3.663439171959384399e+00,7.634513417667495583e-01,-1.824417713916590689e-01
8.185442435574902253e-01,-3.614183067193781351e+00,7.711883009239580700e-01,-1.751150509317864756e-01
8.263335901324113664e-01,-3.564873524928187098e+00,7.791176153141567973e-01,-1.679995709992125885e-01
8.337836644077477599e-01,-3.515514421601384942e+00,7.870864067609252279e-01,-1.610916865986926627e-01
8.409064631525698941e-01,-3.466100325162336127e+00,7.949753234678613723e-01,-1.543861349538151462e-01
8.477117624570437160e-01,-3.416640090834515142e+00,8.027867202052093587e-01,-1.478780030980120230e-01
8.542095699724582269e-01,-3.367141421384261868e+00,8.105228382672774456e-01,-1.415611546414015098e-01
8.604105179022798477e-01,-3.317607336453925360e+00,8.181858129837312754e-01,-1.354325829988498597e-01
8.663252016456177707e-01,-3.268040669071846427e+00,8.257776806034755612e-01,-1.294874112347919048e-01
8.719653141614822633e-01,-3.218433856010742389e+00,8.333003846140130122e-01,-1.237206538157922253e-01
8.773402389509245003e-01,-3.168798629705293912e+00,8.407557815518535982e-01,-1.181267889407806582e-01
8.824602929296174736e-01,-3.119138947448270027e+00,8.481456463531923395e-01,-1.127017304536410691e-01
8.873359551649451227e-01,-3.069456933214498306e+00,8.554716772885474496e-01,-1.074412697221098778e-01
8.919776743356107040e-01,-3.019754549732796889e+00,8.627355005202270721e-01,-1.023407274596506156e-01
8.963967447503902175e-01,-2.970023511757088119e+00,8.699386743172721204e-01,-9.739533950803469509e-02
9.006025514299025314e-01,-2.920276137713082587e+00,8.770826929588219079e-01,-9.259977747579917207e-02
9.046054334269361119e-01,-2.870514150170079493e+00,8.841689903536005257e-01,-8.795055628099901490e-02
9.084151473633864660e-01,-2.820738905683105369e+00,8.911989434003564359e-01,-8.344315613589126102e-02
9.120394157446443106e-01,-2.770951044905883620e+00,8.981738751115609931e-01,-7.907310165782521771e-02
9.154832782173015771e-01,-2.721143661443752748e+00,9.050950575204375070e-01,-7.483566533294316869e-02
9.187494385070220648e-01,-2.671326336918411037e+00,9.119637143894104847e-01,-7.072640512533845403e-02
9.218410378606209932e-01,-2.621499565060958492e+00,9.187810237363071009e-01,-6.674144002133552966e-02
9.247611853474824173e-01,-2.571663805963131377e+00,9.255481201930793045e-01,-6.287644240982759314e-02
9.275129729528319711e-01,-2.521819220525601146e+00,9.322660972104203081e-01,-5.912712215015281103e-02
9.300997111466903222e-01,-2.471960907658836692e+00,9.389360091204059788e-01,-5.548891420512935824e-02
9.325240461266417480e-01,-2.422095966922439114e+00,9.455588730681772081e-01,-5.195782948800964363e-02
9.347889778459488319e-01,-2.372224734987707695e+00,9.521356708226866861e-01,-4.852985025994827062e-02
9.368974779346337378e-01,-2.322347519869238930e+00,9.586673504756348940e-01,-4.520081047674362473e-02
9.388524906963978678e-01,-2.272464597469245007e+00,9.651548280369217636e-01,-4.196657363746991720e-02
9.406570544886352359e-01,-2.222572730676831476e+00,9.715989889342135921e-01,-3.882276926731376143e-02
9.423138817286954572e-01,-2.172676805031453995e+00,9.780006894235772075e-01,-3.576562665765870008e-02
9.438258491690932894e-01,-2.122777022092051435e+00,9.843607579175424060e-01,-3.279110640959159717e-02
9.451958091688882346e-01,-2.072873559163504797e+00,9.906799962364258860e-01,-2.989516801857994288e-02
9.464265905341601171e-01,-2.022966570247949125e+00,9.969591807882662859e-01,-2.707379276763788312e-02
9.475210219423649827e-01,-1.973055085411631104e+00,1.000000000000000000e+00,-2.432279655229674376e-02
9.484818401326881032e-01,-1.923141349516896303e+00,1.000000000000000000e+00,-2.163848783173438761e-02
9.493118143680524534e-01,-1.873225564747976080e+00,1.000000000000000000e+00,-1.901686628658993961e-02
9.500136962112131211e-01,-1.823307795555172861e+00,1.000000000000000000e+00,-1.645428280113825359e-02
9.505902176488945088e-01,-1.773388086644755557e+00,1.000000000000000000e+00,-1.394811519662630950e-02
9.510440844120847670e-01,-1.723467412872858207e+00,1.000000000000000000e+00,-1.149728154001050662e-02
9.513779968340234650e-01,-1.673546049579091255e+00,1.000000000000000000e+00,-9.101519966312920928e-03
9.515946415226037569e-01,-1.623623901522962543e+00,1.000000000000000000e+00,-6.760454489149303470e-03
9.516966878107544492e-01,-1.573700935212118734e+00,1.000000000000000000e+00,-4.473780980787323003e-03
9.516867894171904263e-01,-1.523777100379597016e+00,1.000000000000000000e+00,-2.241205234810195179e-03
9.515675943790519176e-01,-1.473854963019939790e+00,1.000000000000000000e+00,-6.250639179228301145e-05
9.513417392228359359e-01,-1.423933557816679851e+00,1.000000000000000000e+00,2.062530614657998029e-03
9.510118412087172901e-01,-1.374012156039110755e+00,1.000000000000000000e+00,4.134187483121332107e-03
9.505805058691985110e-01,-1.324090638760983429e+00,1.000000000000000000e+00,6.152689336766270500e-03
9.500503270246067888e-01,-1.274168872760581328e+00,1.000000000000000000e+00,8.118245448557770416e-03
9.494239426105449686e-01,-1.224250787851919986e+00,1.000000000000000000e+00,1.003090717994425951e-02
9.487039240833213816e-01,-1.174334665208144779e+00,1.000000000000000000e+00,1.189095715763910377e-02
9.478928236618077152e-01,-1.124418916381198397e+00,1.000000000000000000e+00,1.369856743134256760e-02
9.469932011673014571e-01,-1.074503347614759186e+00,1.000000000000000000e+00,1.545388820743931468e-02
9.460076085124636824e-01,-1.024587752937265561e+00,1.000000000000000000e+00,1.715701034455019425e-02
9.449387137242115653e-01,-9.746774568328177013e-01,1.000000000000000000e+00,1.880794587414658103e-02
9.437890278927245635e-01,-9.247699696744500208e-01,1.000000000000000000e+00,2.040693561283157820e-02
9.425610427315059825e-01,-8.748628591049023573e-01,1.000000000000000000e+00,2.195407119153425235e-02
9.412572898981157454e-01,-8.249558656832635117e-01,1.000000000000000000e+00,2.344943225653151053e-02
9.398802968042045958e-01,-7.750487195146484876e-01,1.000000000000000000e+00,2.489298031347431106e-02
9.384328072570023993e-01,-7.251485440382602343e-01,1.000000000000000000e+00,2.628476152020331469e-02
9.369172567282868513e-01,-6.752513268264852542e-01,1.000000000000000000e+00,2.762491291803903515e-02
9.353360935790481223e-01,-6.253541656751436806e-01,1.000000000000000000e+00,2.891346306049880077e-02
9.336918381186578575e-01,-5.754567435354577265e-01,1.000000000000000000e+00,3.015042573122306280e-02
9.319870098953856319e-01,-5.255587344128244132e-01,1.000000000000000000e+00,3.133564358092710833e-02
9.302244920925174521e-01,-4.756699350630954060e-01,1.000000000000000000e+00,3.246922038301303104e-02
9.284065839460182712e-01,-4.257831302769251036e-01,1.000000000000000000e+00,3.355116560802451353e-02
9.265357326398100390e-01,-3.758957780522869108e-01,1.000000000000000000e+00,3.458145393931011391e-02
9.246144630559492983e-01,-3.260075110669758414e-01,1.000000000000000000e+00,3.555998355896528018e-02
9.226453025958213372e-01,-2.761179543569642347e-01,1.000000000000000000e+00,3.648667554647366806e-02
9.206313645457784300e-01,-2.262410008045967758e-01,1.000000000000000000e+00,3.736150358832035501e-02
9.185746864870771855e-01,-1.763634679612445244e-01,1.000000000000000000e+00,3.818441022078555847e-02
9.164777913300145018e-01,-1.264845391819144627e-01,1.000000000000000000e+00,3.895532172459503784e-02
9.143432233983906920e-01,-7.660380371993111281e-02,1.000000000000000000e+00,3.967405028287007696e-02
9.121736778192842676e-01,-2.672415790342998199e-02,1.000000000000000000e+00,4.034058654890060325e-02
9.099721840465245792e-01,2.314431609045254634e-02,1.000000000000000000e+00,4.095476017984078787e-02
9.077407545014092305e-01,7.301480053826131522e-02,1.000000000000000000e+00,4.151646616285198377e-02
9.054819588763836080e-01,1.228877374428589131e-01,1.000000000000000000e+00,4.202559280656958940e-02
9.031983746549151482e-01,1.727635744347763291e-01,1.000000000000000000e+00,4.248218700839090367e-02
9.008930354802275886e-01,2.226331206385633310e-01,1.000000000000000000e+00,4.288663782169388483e-02
8.985685645753490602e-01,2.724964586425128177e-01,1.000000000000000000e+00,4.323946775788689578e-02
8.962271531505305866e-01,3.223630031887868008e-01,1.000000000000000000e+00,4.354134852496338581e-02
8.938714139307265549e-01,3.722332277110393939e-01,1.000000000000000000e+00,4.379295236253488710e-02
8.915039700169593573e-01,4.221076104031797893e-01,1.000000000000000000e+00,4.399489424711844343e-02
8.891283750381437923e-01,4.719673635116717891e-01,1.000000000000000000e+00,4.414778665271956726e-02
8.867465041047100094e-01,5.218292169958260729e-01,1.000000000000000000e+00,4.425220682312280829e-02
8.843609195403886458e-01,5.716956126489044498e-01,1.000000000000000000e+00,4.430886801456646040e-02
8.819742885122230369e-01,6.215670490411732141e-01,1.000000000000000000e+00,4.431831941898400906e-02
8.795897193254103019e-01,6.714350619921727326e-01,1.000000000000000000e+00,4.428114968770668902e-02
8.772101895831072582e-01,7.212941285513363443e-01,1.000000000000000000e+00,4.419795224203348916e-02
8.748377376509769432e-01,7.711586592257729800e-01,1.000000000000000000e+00,4.406942225513521549e-02
8.724750808594051721e-01,8.210291682014893011e-01,1.000000000000000000e+00,4.389604744039221629e-02
8.701249508466645244e-01,8.709061731914505833e-01,1.000000000000000000e+00,4.367839662220340813e-02
8.677912394474698310e-01,9.207656346508601430e-01,1.000000000000000000e+00,4.341704448096761482e-02
8.654756504763637670e-01,9.706303456107150396e-01,9.982721801452889565e-01,4.311275430511840590e-02
8.631809017134910444e-01,1.020502003495763921e+00,9.920013066710254845e-01,4.276590996241846909e-02
8.609097816702739880e-01,1.070381136559368951e+00,9.856905392779296005e-01,4.237706353463543962e-02
8.586657879683371464e-01,1.120251374865779193e+00,9.793391067485303081e-01,4.194679291038694302e-02
8.564511534892530475e-01,1.170118274081780152e+00,9.729462126921524234e-01,4.147587227833016144e-02
8.542671687131717650e-01,1.219993037701629035e+00,9.665110343793271719e-01,4.096475384102249429e-02
8.521152014005860531e-01,1.269876117626665302e+00,9.600327215058821473e-01,4.041582368441254403e-02
8.499969409836829470e-01,1.319757612448132056e+00,9.535103948814530606e-01,3.983677098426197105e-02
8.479140403219336264e-01,1.369628011406370138e+00,9.469431450366903036e-01,3.924324318883343210e-02
8.458669501298753390e-01,1.419506967656968488e+00,9.403300307429153237e-01,3.865335881421017028e-02
8.438569579505489360e-01,1.469394925314319256e+00,9.336700774374028233e-01,3.808628748049502910e-02
8.418855770635628177e-01,1.519286935578310738e+00,9.269622755468313047e-01,3.756118113507733725e-02
8.399549478980171680e-01,1.569161616589275443e+00,9.202055787007342724e-01,3.709717687013336374e-02
8.380653561177054955e-01,1.619045549680446339e+00,9.133989018260023629e-01,3.671343859374420759e-02
8.362181461914758307e-01,1.668939176293980475e+00,9.065411191126087065e-01,3.642939699931324604e-02
8.344147669541205348e-01,1.718840456794119564e+00,8.996310618397603820e-01,3.626448267629744926e-02
8.326576195549559856e-01,1.768720163577176763e+00,8.926675160505890272e-01,3.623809399263278053e-02
8.309469550854957642e-01,1.818609817018860264e+00,8.856492200622786415e-01,3.636993431697055357e-02
8.292841784796260995e-01,1.868509854906038159e+00,8.785748617971699259e-01,3.667977032763181100e-02
8.276707757272947497e-01,1.918418693203793879e+00,8.714430759188519504e-01,3.718620897211133425e-02
8.261091849779286234e-01,1.968304103527432680e+00,8.642524407555373100e-01,3.790573751761550092e-02
8.245997531453603813e-01,2.018200146619621993e+00,8.570014749910862539e-01,3.885384170914796265e-02
8.231439486206998390e-01,2.068107255739054740e+00,8.496886341018639044e-01,4.004576923630187579e-02
8.217433783387304569e-01,2.118021461815469131e+00,8.423123065151576494e-01,4.149686091600379712e-02
8.204003224802449701e-01,2.167913150704133152e+00,8.348708094620859166e-01,4.322232716767548943e-02
8.191151024039495798e-01,2.217816202265755265e+00,8.273623844947705086e-01,4.523647308158595948e-02
8.178855808849906373e-01,2.267731030543477466e+00,8.197851926339401185e-01,4.755344981729248133e-02
8.166993968582659802e-01,2.317647272810325898e+00,8.121373091090324792e-01,5.018714399220325362e-02
8.155286802415155911e-01,2.367545195352993570e+00,8.044167176481689108e-01,5.315068644579645785e-02
8.143387300510924742e-01,2.417453114675531367e+00,7.966213042700072133e-01,5.645712265840785449e-02
8.130941640909313817e-01,2.467369074285669317e+00,7.887488505233090086e-01,6.012058401066067148e-02
8.117599098265810831e-01,2.517275684387872747e+00,7.807970261129553169e-01,6.415243023387984245e-02
8.103005023219815861e-01,2.567169294243510702e+00,7.727633808429517082e-01,6.856405822540501127e-02
8.086796851580264622e-01,2.617067130427193966e+00,7.646453357974680731e-01,7.336829840024194915e-02
8.068615397621389240e-01,2.666966422889784027e+00,7.564401736699449819e-01,7.857744717599457474e-02
8.048109155538885062e-01,2.716842614855352611e+00,7.481450281374664169e-01,8.420040960549690645e-02
8.024912167402891150e-01,2.766706484724965165e+00,7.397568721626073263e-01,9.024623125929620571e-02
7.998656326361363034e-01,2.816562883380143933e+00,7.312725050873974952e-01,9.672880071195577578e-02
7.968975245511703553e-01,2.866408939443436221e+00,7.226885383633752102e-01,1.036562929242108577e-01
7.935540581753376399e-01,2.916208607381794771e+00,7.140013797373121474e-01,1.110355590913869595e-01
7.898037967495348255e-01,2.965990739611267468e+00,7.052072156832907002e-01,1.188729243886739173e-01
7.856190372011471190e-01,3.015744365642103908e+00,6.963019918374305783e-01,1.271850182395544149e-01
7.809728754964440078e-01,3.065452588348632990e+00,6.872813911505002427e-01,1.359737357050874174e-01
7.758378890864929822e-01,3.115109508050765363e+00,6.781408094243852602e-01,1.452442883719982092e-01
7.701863519400918845e-01,3.164714155761560122e+00,6.688753278390184853e-01,1.550003548839333778e-01
7.639923212819682563e-01,3.214252431762223416e+00,6.594796820044936947e-01,1.652625596759282889e-01
7.572296942934546582e-01,3.263716189940855994e+00,6.499482269856131644e-01,1.760240892672990665e-01
7.498728264259590937e-01,3.313097539020241289e+00,6.402748976390810753e-01,1.872810995246800836e-01
7.418980668212612484e-01,3.362379756085435822e+00,6.304531634719028332e-01,1.990207315127801024e-01
7.332824044939750818e-01,3.411547959762427418e+00,6.205692226211861895e-01,2.112483624484782219e-01
7.239995874096113448e-01,3.460608586339231962e+00,6.110023636089246812e-01,2.239396001432545358e-01
7.140312088131599566e-01,3.509529913070419394e+00,6.017482314951593247e-01,2.370747989212196316e-01
7.033578882116481301e-01,3.558293344504638966e+00,5.928040952375434047e-01,2.506383913203937830e-01
6.919579815899885578e-01,3.606894835640678476e+00,5.841614264164390891e-01,2.646255164300344020e-01
6.798106960148395661e-01,3.655328592372349306e+00,5.757981463346687478e-01,2.790362418909064779e-01
6.669048760694171740e-01,3.703555720976806409e+00,5.677148843763271113e-01,2.938364673048632358e-01
6.532268543407333539e-01,3.751555130167847807e+00,5.599044923087933556e-01,3.090143132826332906e-01
6.387533688520328212e-01,3.799341443353398962e+00,5.523600088403169961e-01,3.245583335093997768e-01
6.234758382856694370e-01,3.846881785654998609e+00,5.450774117424450615e-01,3.404575902737725368e-01
6.073895209703586984e-01,3.894139234982176845e+00,5.380422942764729877e-01,3.567214667898601643e-01
5.904874208035443273e-01,3.941090415390703150e+00,5.312467522843760115e-01,3.733418633582907820e-01
5.727399267845233455e-01,3.987774334354150518e+00,5.246883621579332413e-01,3.903064708601444721e-01
5.541574591038881392e-01,4.034124371490203309e+00,5.183613857064228725e-01,4.076153603656238467e-01
5.347402457984770097e-01,4.080109574631856084e+00,5.122621911563007835e-01,4.252740741677889513e-01
5.144881257993605406e-01,4.125704834305898849e+00,5.063863040781125813e-01,4.432935764479055685e-01
4.933602083176929498e-01,4.170973888989143674e+00,5.007271895379707960e-01,4.616880170139636697e-01
4.713885563727913675e-01,4.215821971504611021e+00,4.952824852413320600e-01,4.804783325209651679e-01
4.485780494317863076e-01,4.260221274222226739e+00,4.900517298491609552e-01,4.996914977755833043e-01
4.249342903696746720e-01,4.304145805197491015e+00,4.850387660753200936e-01,5.193579252172293437e-01
4.004086519760389762e-01,4.347666190374329886e+00,4.802327305884809827e-01,5.395835574617064978e-01
3.750374686990614048e-01,4.390697517638031400e+00,4.756355306602800814e-01,5.604772552845918021e-01
3.488378995178769704e-01,4.433196652546376626e+00,4.712864690254782718e-01,5.820168419337758969e-01
3.218185685588957901e-01,4.475137536966625973e+00,4.671633978895541328e-01,6.045986288423899069e-01
2.939610358283161751e-01,4.516534396176426824e+00,4.633222590016247699e-01,6.284295467926956924e-01
2.652231222757576723e-01,4.557428235189779464e+00,4.598106840443472176e-01,6.539848302539077451e-01
2.356699674272051404e-01,4.597705249632227265e+00,4.554020524404312487e-01,6.648882555725430521e-01
2.053086012582462372e-01,4.637338947391494770e+00,4.509984554128219636e-01,6.768468631294783933e-01
1.741450017839453190e-01,4.676302629592013815e+00,4.471894968405161208e-01,6.953918634826758982e-01
1.421833158994886548e-01,4.714569458070175578e+00,4.437495927074891489e-01,7.166020679934703708e-01
1.093443735336906142e-01,4.752202735453701976e+00,4.405880217372172281e-01,7.394315678495941846e-01
7.565695267008137881e-02,4.789129772674720620e+00,4.376460851054693180e-01,7.634718715273129952e-01
4.115498188015408176e-02,4.825273154062210246e+00,4.349078291897175985e-01,7.883788514807124059e-01
5.832233054967029227e-03,4.860594761370303551e+00,4.323330404456595666e-01,8.141107147584274450e-01
-3.032159319946482051e-02,4.895051259717511094e+00,4.299106431687868546e-01,8.405429043990046978e-01
-6.732078652631613702e-02,4.928591381098063273e+00,4.276300496439185417e-01,8.675952168637475204e-01
-1.051824923053817501e-01,4.961151717564922237e+00,4.254841447768947238e-01,8.952360467523678977e-01
-1.439235474384287505e-01,4.992650261383521304e+00,4.234631353315872482e-01,9.234110107691915204e-01
-1.835535211616011741e-01,5.022976556529529013e+00,4.215606945406418227e-01,9.520914532948405729e-01
-2.240607587665078837e-01,5.051976818585751872e+00,4.197712804609221582e-01,9.812551540286635898e-01
-2.656558345544818289e-01,5.079604080014031631e+00,4.180912993848446835e-01,1.010911492486538332e+00
-3.084553413051278059e-01,5.105654699364204241e+00,4.165149977233949530e-01,1.041029330100649908e+00
-3.520054314221346403e-01,5.129511399042534059e+00,4.150368497466998541e-01,1.071589434536309504e+00
-3.971241209929222693e-01,5.151096120590728411e+00,4.136544561638470507e-01,1.102563335494594288e+00
-4.435487681292880069e-01,5.169420982218767335e+00,4.123675016189622400e-01,1.133939964811784940e+00
-4.914768257798116657e-01,5.183404704394209972e+00,4.111720760995233870e-01,1.165761114977151625e+00
-5.201071647136762399e-01,5.217664561480950702e+00,4.100639493840685379e-01,1.197984544079521818e+00
-5.536282464475129617e-01,5.253628395798109807e+00,4.090411792122854995e-01,1.230595059123244628e+00
-5.963001967220985522e-01,5.279437659971129015e+00,4.081016228444100391e-01,1.263576287126232600e+00
-6.420138941091757534e-01,5.299674312256241748e+00,4.072455410252231456e-01,1.296897776273521430e+00
-6.892769955038179353e-01,5.315848303562320076e+00,4.064741425349329695e-01,1.330575374934128696e+00
-7.376412469442624742e-01,5.328776371859389016e+00,4.057835436233295789e-01,1.364595795058612282e+00
-7.863900018163979544e-01,5.338826032951704548e+00,4.051711324470116393e-01,1.398917348221247803e+00
-8.357139845141052792e-01,5.346389259182930509e+00,4.046355757595529457e-01,1.433513019530638921e+00
-8.853761495995322583e-01,5.351644893977898221e+00,4.041766147871312387e-01,1.468343987319934651e+00
-9.352241696358991607e-01,5.354735153823947158e+00,4.037945281098538897e-01,1.503374598801007433e+00
-9.851516765820002020e-01,5.355771397582155480e+00,4.034868460543400426e-01,1.538579925194744735e+00
-1.035076888781584881e+00,5.354840663944340662e+00,4.032536174976844023e-01,1.573910405516627087e+00
-1.084930844003043626e+00,5.352011523392278924e+00,4.030954689980087435e-01,1.609302314926251753e+00
-1.134651004235758931e+00,5.347338884107201373e+00,4.030139152061487651e-01,1.644659872928555089e+00
-1.184177888948538149e+00,5.340867783240764943e+00,4.030179082192005269e-01,1.679980467765428642e+00
-1.233453417665576479e+00,5.332636314815221823e+00,4.031136644006015901e-01,1.715179550398849173e+00
-1.282420207961428416e+00,5.322677862941173288e+00,4.032976809459888901e-01,1.749898316431547585e+00
-1.330981868838458038e+00,5.311032994200663104e+00,4.036036590050930406e-01,1.784197224691482120e+00
-1.379055642725477204e+00,5.297742530708510422e+00,4.040497908990393072e-01,1.817566041840947832e+00
-1.426671821365399273e+00,5.282813317146500154e+00,4.046783691872510857e-01,1.849517800970833292e+00
-1.473774738193616818e+00,5.266271609231262474e+00,4.040387117171433395e-01,1.889594777882072307e+00
-1.520309518501480772e+00,5.248144511698907166e+00,4.035183544836428715e-01,1.931068848219521961e+00
-1.566222538362352701e+00,5.228460359971583316e+00,4.035993605508748083e-01,1.969043561533852404e+00
-1.611430195274377919e+00,5.207264448672008328e+00,4.039365681998274282e-01,2.005111572548592846e+00
-1.655876822840111728e+00,5.184595254834354350e+00,4.044364792439081868e-01,2.039877669408477701e+00
-1.699568628707865070e+00,5.160460031635649258e+00,4.050631617075784452e-01,2.073734250098739906e+00
-1.742457520612608945e+00,5.134893646796625077e+00,4.057866990012289343e-01,2.106740137258531043e+00
-1.784498149353963559e+00,5.107933030438871036e+00,4.066028004007349317e-01,2.139177816682417799e+00
-1.825628642642167954e+00,5.079630931771639268e+00,4.074998405703363358e-01,2.171086689302198280e+00
-1.865807676035269980e+00,5.050032542017336645e+00,4.084705458422870361e-01,2.202508412160741003e+00
-1.905032746987014969e+00,5.019156485227628473e+00,4.095131501688394349e-01,2.233475676783379882e+00
-1.943268874068869501e+00,4.987046940276094631e+00,4.106206509178902953e-01,2.264025718221848393e+00
-1.980484347679559720e+00,4.953749741612136326e+00,4.117903644418479669e-01,2.294170934712646215e+00
-2.016632885031675926e+00,4.919329763881775897e+00,4.130215355952606693e-01,2.323911483664953259e+00
-2.051710928000048284e+00,4.883816564037021024e+00,4.143163867185120641e-01,2.353249962510318927e+00
-2.085703650449723057e+00,4.847251758630921614e+00,4.156726400659835341e-01,2.382184695743162273e+00
-2.118591580612638747e+00,4.809685225537856823e+00,4.170895127226522114e-01,2.410720389969819966e+00
-2.150356669689468703e+00,4.771169861343864227e+00,4.185669254632421454e-01,2.438836489201146929e+00
-2.180989080085601106e+00,4.731753083404934834e+00,4.201050390488003661e-01,2.466503188313963424e+00
-2.210487333676817823e+00,4.691474453482411988e+00,4.217099249978032427e-01,2.493735830739900017e+00
-2.238843844566186903e+00,4.650384462617735970e+00,4.233800665184594969e-01,2.520521912341564974e+00
-2.266053954282186922e+00,4.608533631008920217e+00,4.251157692559619505e-01,2.546848927502528337e+00
-2.292126134287609140e+00,4.565955073241005024e+00,4.269170617387515465e-01,2.572708966968043853e+00
-2.317060946771553276e+00,4.522696536965510994e+00,4.287838388969268943e-01,2.598069954151474903e+00
-2.340859957264343372e+00,4.478808323986401163e+00,4.307207045016840374e-01,2.622910864709689704e+00
-2.363528865346458119e+00,4.434337597126323693e+00,4.327294412028176995e-01,2.647251434798781222e+00
-2.385082990159138383e+00,4.389315387732210638e+00,4.348103424488802271e-01,2.671095209883400212e+00
-2.405544174295842996e+00,4.343758408534196924e+00,4.369657230816000326e-01,2.694445585059699333e+00
-2.424912020931438761e+00,4.297735356439696730e+00,4.391967086606463067e-01,2.717300847599169344e+00
-2.443201289830225331e+00,4.251287593767968609e+00,4.415063000447640995e-01,2.739660018544717524e+00
-2.460429246800633685e+00,4.204454313386416509e+00,4.438969254588527868e-01,2.761558018877013687e+00
-2.476630579627997264e+00,4.157226947022722996e+00,4.463691862461848792e-01,2.783009441213154744e+00
-2.491821529050845641e+00,4.109648030358970416e+00,4.489223182924266253e-01,2.804029688417929655e+00
-2.506015718035233597e+00,4.061777541478375220e+00,4.515514019205060237e-01,2.824628820783972039e+00
-2.519238231573468489e+00,4.013646624848814959e+00,4.542654048190154503e-01,2.844808773017781789e+00
-2.531516279535033664e+00,3.965283139913022392e+00,4.570589610655867996e-01,2.864607428097089237e+00
-2.542887158401547776e+00,3.916674987755159876e+00,4.598920910808165785e-01,2.884044838791917975e+00
-2.553379569000851390e+00,3.867842913728338328e+00,4.627774156945394513e-01,2.903137544043530305e+00
-2.563014986970697517e+00,3.818850272623927289e+00,4.656531555565136538e-01,2.921895397158351670e+00
-2.571825799171243876e+00,3.769716884336413276e+00,4.684554049707884693e-01,2.940331430731464302e+00
-2.579845258603395752e+00,3.720458557451515880e+00,4.725185883648252427e-01,2.958479886329892672e+00
-2.587106473428149034e+00,3.671087540244721836e+00,4.769678652795877327e-01,2.976357711752755542e+00
-2.593645160589740151e+00,3.621592860048242102e+00,4.811074016028134004e-01,2.993979739201967583e+00
-2.599493560526006775e+00,3.572015871031132050e+00,4.851557539793320828e-01,3.011353807320060749e+00
-2.604686103250147600e+00,3.522387798870678211e+00,4.891986042884141628e-01,3.028513874246485216e+00
-2.609237930687443807e+00,3.472691216894125521e+00,4.932991444618320398e-01,3.045476674070393130e+00
-2.613150427736460113e+00,3.422925788839204397e+00,4.974729844931733980e-01,3.062253059435272373e+00
-2.616422888409220882e+00,3.373098486877279090e+00,5.017734782152647455e-01,3.078866197502378999e+00
-2.619047770427233246e+00,3.323230367161071008e+00,5.062163889487941715e-01,3.095338429574253425e+00
-2.621013728093366524e+00,3.273383068813054741e+00,5.108204139583939485e-01,3.111686708565489567e+00
-2.622311738136338999e+00,3.223502921457176207e+00,5.156059013454072915e-01,3.127915347631183618e+00
-2.622927482312424896e+00,3.173590052752873536e+00,5.205925587732828097e-01,-3.139122444192798955e+00
-2.622845235929905705e+00,3.123647422842751986e+00,5.257981706311356529e-01,-3.123039854934155812e+00
-2.622048545486010962e+00,3.073680778198769392e+00,5.312395397277434039e-01,-3.107020459731030471e+00
-2.620525636685707038e+00,3.023825771384532235e+00,5.369341632723787505e-01,-3.091062059541379803e+00
-2.618260234946659715e+00,2.973985704425816667e+00,5.428969445712137354e-01,-3.075154681508367016e+00
-2.615236227465032925e+00,2.924152546184838553e+00,5.491466985730117933e-01,-3.059292380313179294e+00
-2.611438515562308993e+00,2.874337490491194913e+00,5.556992641895150964e-01,-3.043485605458515764e+00
-2.606858008906553614e+00,2.824605960337350563e+00,5.625682949513091113e-01,-3.027729550064115482e+00
-2.601489183758959545e+00,2.775018736364597505e+00,5.697777436974752474e-01,-3.012025223053713674e+00
-2.595310410833555625e+00,2.725485969037111822e+00,5.773481514968519246e-01,-2.996379705710350283e+00
-2.588310008592692224e+00,2.676025344647590565e+00,5.853019580148125511e-01,-2.980791241010022574e+00
-2.580483640784156929e+00,2.626693435056906889e+00,5.936666542890357556e-01,-2.965256225719861138e+00
-2.571834399680458461e+00,2.577567828050327581e+00,6.024599245347606047e-01,-2.949783686782363024e+00
-2.562336598148390099e+00,2.528558743953781107e+00,6.117061688816470832e-01,-2.934380415495144057e+00
-2.551982515993776346e+00,2.479689009420590118e+00,6.214448044046811948e-01,-2.919053810667556981e+00
-2.540778818748236745e+00,2.431037138466441316e+00,6.314066820493579035e-01,-2.903825087318868015e+00
-2.528721128588453215e+00,2.382618427864367838e+00,6.412138109488791926e-01,-2.888718727409709253e+00
-2.515789812357221322e+00,2.334390937246747288e+00,6.508731862402932222e-01,-2.873759254792275897e+00
-2.501981242584903065e+00,2.286379677506285013e+00,6.603912914186538252e-01,-2.858983758506082218e+00
-2.487317335856916944e+00,2.238686166004355549e+00,6.697741492448060496e-01,-2.844412107706664194e+00
-2.471774202249496177e+00,2.191252926099330978e+00,6.790273663200988574e-01,-2.830072161314427071e+00
-2.455350755102968741e+00,2.144090701882436445e+00,6.881561722651451385e-01,-2.815994449289783041e+00
-2.438070497606323439e+00,2.097246498275670223e+00,6.971654542801317689e-01,-2.802208409405236189e+00
-2.419966970404485718e+00,2.050741625885010855e+00,7.060597877351665330e-01,-2.788764373693458865e+00
-2.401056027395729320e+00,2.004533272748006301e+00,7.148434633342007904e-01,-2.775677323806950980e+00
-2.381374415905449737e+00,1.958626595687950944e+00,7.235205113102466390e-01,-2.762973541607663286e+00
-2.360986057337673305e+00,1.913081693044798914e+00,7.320947230390661975e-01,-2.750680916880373417e+00
-2.339900981779898803e+00,1.867832305093225065e+00,7.405696704001946129e-01,-2.738839504003758307e+00
-2.318157531699827967e+00,1.822875989737469560e+00,7.489487231657847577e-01,-2.727484773889379710e+00
-2.295810676944779249e+00,1.778239813386326862e+00,7.572350646573794419e-01,-2.716624539417326734e+00
-2.272890492374020077e+00,1.733896450705347148e+00,7.654317058769328774e-01,-2.706290871711581225e+00
-2.249428142599770197e+00,1.689820462492366726e+00,7.735414982899611047e-01,-2.696516285109822775e+00
-2.225471350578668073e+00,1.646015838065663761e+00,7.815671454147007369e-01,-2.687331991899236439e+00
-2.201063290430080865e+00,1.602474957636334851e+00,7.895112133508239705e-01,-2.678749766026872425e+00
-2.176231344053872085e+00,1.559160690286830242e+00,7.973761403639418877e-01,-2.670795796278394807e+00
-2.151018680216214563e+00,1.516063022412539096e+00,8.051642456273767623e-01,-2.663500490954568534e+00
-2.125472874196499884e+00,1.473177442544735705e+00,8.128777372100361998e-01,-2.656885329058500389e+00
-2.099622031637420783e+00,1.430465512928521088e+00,8.205187193883601848e-01,-2.650965960756467066e+00
-2.073508800343439429e+00,1.387912620782876250e+00,8.280891993509644777e-01,-2.645763924784891863e+00
-2.047173981445307600e+00,1.345500174806863347e+00,8.355910933565097176e-01,-2.641308737391243611e+00
-2.020652920598107638e+00,1.303200231747297488e+00,8.430262323983360728e-01,-2.637611080393834850e+00
-1.993987893772969144e+00,1.260995633240320934e+00,8.503963674232976055e-01,-2.634686211275487189e+00
-1.967213860486158872e+00,1.218857384434957059e+00,8.577031741469458570e-01,-2.632547741199816826e+00
-1.940367442433396539e+00,1.176759119525866426e+00,8.649482575025815301e-01,-2.631202046384076176e+00
-1.913494107904386565e+00,1.134688435564080722e+00,8.721331557576275095e-01,-2.630639309538974402e+00
-1.886628020774913317e+00,1.092615450466494664e+00,8.792593443272382903e-01,-2.630854646127210650e+00
-1.859796667275388726e+00,1.050500175895025867e+00,8.762493269953980368e-01,-2.631846975752324624e+00
-1.833053750584109576e+00,1.008344366426316308e+00,8.690984580845153573e-01,-2.633609112944925279e+00
-1.806438726603529776e+00,9.661283443586097253e-01,8.618882622648224023e-01,-2.636126116827583132e+00
-1.779958177871648672e+00,9.237807049522671621e-01,8.546172379579464184e-01,-2.639387365258625273e+00
-1.753679351305750478e+00,8.813277616779718882e-01,8.472838191538082375e-01,-2.643381844124927937e+00
-1.727642219342083507e+00,8.387543175330575140e-01,8.398863714722707430e-01,-2.648104038481206235e+00
-1.701854203430812174e+00,7.959926503433878420e-01,8.324231879097615527e-01,-2.653528676271991849e+00
-1.676366983515236164e+00,7.530489736238108467e-01,8.248924842395184420e-01,-2.659637966500443262e+00
-1.651230281189973725e+00,7.099296798518114349e-01,8.172923940303361556e-01,-2.666413525855621636e+00
-1.626466329992747539e+00,6.665965734732690606e-01,8.096209632444255622e-01,-2.673846496320956501e+00
-1.602089349262405316e+00,6.229975456109047016e-01,8.018761443700801461e-01,-2.681910004660049029e+00
-1.578167141696603437e+00,5.791789439266621375e-01,7.940557900392262169e-01,-2.690584085429052585e+00
-1.554734489887775739e+00,5.351332302625403381e-01,7.861576460734919225e-01,-2.699861636342653082e+00
-1.531782888551932009e+00,4.907717843243576405e-01,7.781793438949706765e-01,-2.709738838533930494e+00
-1.509373476118838209e+00,4.461409315653194763e-01,7.701183922292734740e-01,-2.720216282984406764e+00
-1.487547991778777945e+00,4.012573317216280855e-01,7.619721680184882162e-01,-2.731294049018367254e+00
-1.466328496587243846e+00,3.561024709235767749e-01,7.537379064501064097e-01,-2.742960460157039648e+00
-1.445706896998087077e+00,3.105926556989234144e-01,7.454126899944637508e-01,-2.755214134780002766e+00
-1.425753487753737003e+00,2.648197845048198551e-01,7.369934363274727174e-01,-2.768053143095161150e+00
-1.406493843890858297e+00,2.187875818668315875e-01,7.284768849968890070e-01,-2.781476787760786884e+00
-1.387936054072582248e+00,1.724614473336315845e-01,7.198595826685671994e-01,-2.795478598527046721e+00
-1.370084597394777504e+00,1.257963138170671291e-01,7.111378667633708739e-01,-2.810035714688821962e+00
-1.352992757699638560e+00,7.888121548812405959e-02,7.023078472648243142e-01,-2.825105248185357354e+00
-1.336678594075958459e+00,3.172573615580160517e-02,6.933653864411937207e-01,-2.840647341740418330e+00
-1.321148882322949136e+00,-1.568778386438548361e-02,6.843060761820978222e-01,-2.856612084719657219e+00
-1.306394016062038421e+00,-6.342977485166691187e-02,6.757730384795072043e-01,-2.872956807018599790e+00
-1.292459619514171987e+00,-1.113865137758776463e-01,6.679581167967438837e-01,-2.889649160589891519e+00
-1.279354747501987744e+00,-1.595443926099395782e-01,6.608037378616140600e-01,-2.906646509507273102e+00
-1.267086122521699165e+00,-2.078900978578456238e-01,6.542659845381495476e-01,-2.923907222517877713e+00
-1.255637183412056546e+00,-2.565002328857597935e-01,6.483091527768232165e-01,-2.941398901464810312e+00
-1.245022664536417745e+00,-3.053173405039389388e-01,6.429001202374338142e-01,-2.959095464784939455e+00
-1.235268811596518690e+00,-3.542835393374123010e-01,6.380072076412691695e-01,-2.976950672062713465e+00
-1.226404955081105363e+00,-4.033949601941148044e-01,6.336065607597226590e-01,-2.994930275523327357e+00
-1.218467398267281121e+00,-4.526480498232042793e-01,6.296806898972002742e-01,-3.013018498580113391e+00
-1.211488978947947270e+00,-5.020649607890189658e-01,6.262095775973391953e-01,-3.031175590839626288e+00
-1.205508258806210042e+00,-5.516584713474075308e-01,6.231782110075205772e-01,-3.049368926773604827e+00
-1.200575822113648439e+00,-6.013493812715614562e-01,6.205729601077195623e-01,-3.067574467642785407e+00
-1.196734256020749454e+00,-6.511228141366627309e-01,6.183816147842695621e-01,-3.085783022785522522e+00
-1.194028315928659989e+00,-7.009608747205144930e-01,6.165896700496830141e-01,-3.103952317758175816e+00
-1.192501411428700919e+00,-7.508422708359342446e-01,6.151873744174236602e-01,-3.122059224913237507e+00
-1.192181472412570109e+00,-8.007417651640362788e-01,6.141684523413597496e-01,-3.140090031676686433e+00
-1.193062770896029079e+00,-8.506602776514967656e-01,6.135294616139990165e-01,3.125151830225543215e+00
-1.195108175508687420e+00,-9.005550327672591227e-01,6.132677855672524769e-01,3.107330736996610554e+00
-1.198269248902553930e+00,-9.503842587411095444e-01,6.133830654568148688e-01,3.089648847936757647e+00
-1.202498298020134193e+00,-1.000128388194985174e+00,6.138735087261236734e-01,3.072116634295195770e+00
-1.207750125747113268e+00,-1.049770518947321207e+00,6.147410077047309462e-01,3.054732704845514846e+00
-1.213981946380290555e+00,-1.099296067916202269e+00,6.159835533837700883e-01,3.037530717809479697e+00
-1.221153292883521146e+00,-1.148692471803431037e+00,6.176030043997117192e-01,3.020522919191602540e+00
-1.229225919512015874e+00,-1.197948918882122626e+00,6.196036588361033548e-01,3.003720352381512360e+00
-1.238163700988184290e+00,-1.247056112600936517e+00,6.219952011515071932e-01,2.987115262687281003e+00
-1.247934427272032076e+00,-1.296015181929988325e+00,6.247833641229294521e-01,2.970725200104743280e+00
-1.258504227653571839e+00,-1.344809775761633519e+00,6.279775914476206644e-01,2.954577749495812533e+00
-1.269841403108295186e+00,-1.393428721623963806e+00,6.315951231187355575e-01,2.938690664910214245e+00
-1.281917058806975040e+00,-1.441867320276087661e+00,6.356564999384541892e-01,2.923088490569447195e+00
-1.294703926696330276e+00,-1.490121655957818758e+00,6.401867221652471907e-01,2.907790577704230994e+00
-1.308176248923409224e+00,-1.538188499178027024e+00,6.452149281964302263e-01,2.892819114487623189e+00
-1.322309658996555948e+00,-1.586065227820862900e+00,6.507699437490587213e-01,2.878213473647953435e+00
-1.337081061430015483e+00,-1.633749764711905694e+00,6.568883332856700896e-01,2.864001785566043345e+00
-1.352468510779801347e+00,-1.681240529765756220e+00,6.636131408499023054e-01,2.850217394950877559e+00
-1.368451091097215189e+00,-1.728536404873061594e+00,6.709939438159596703e-01,2.836887011053353724e+00
-1.385008796889727556e+00,-1.775636709758764198e+00,6.790839148838598849e-01,2.824031592933736512e+00
-1.402119633311307512e+00,-1.822533693197557314e+00,6.879380713562716076e-01,2.811653490910304143e+00
-1.419764830381524678e+00,-1.869227642123011401e+00,6.969501727070541719e-01,2.799747574304332964e+00
-1.437927552344554494e+00,-1.915722639741261446e+00,7.058472189159630261e-01,2.788304537472613198e+00
-1.456590283392206420e+00,-1.962019925591999669e+00,7.146335072373848352e-01,2.777315658790548980e+00
-1.475735900214859786e+00,-2.008121167307481247e+00,7.233130739046622626e-01,2.766770073704595490e+00
-1.495347581457331598e+00,-2.054028469674838764e+00,7.318897158017848570e-01,2.756656963189923815e+00
-1.515408724282901298e+00,-2.099744385560513127e+00,7.403670098751188311e-01,2.746969224848224478e+00
-1.535902868180500702e+00,-2.145271927838767301e+00,7.487483305667066436e-01,2.737701110953334904e+00
-1.556813625998817452e+00,-2.190614581606616262e+00,7.570368655101521460e-01,2.728848846127571726e+00
-1.578122553439263109e+00,-2.235771980564868588e+00,7.652356296961368987e-01,2.720410872866043217e+00
-1.599801949028813342e+00,-2.280725712274158212e+00,7.733474782860866314e-01,2.712382334436318931e+00
-1.621846512061100531e+00,-2.325504909247183338e+00,7.813751182284058849e-01,2.704762738871156813e+00
-1.644239683543976982e+00,-2.370115339346389849e+00,7.893211188112612131e-01,2.697551976766746407e+00
-1.666964745693450212e+00,-2.414563282060603555e+00,7.971879212685475391e-01,2.690751738194648190e+00
-1.690004788042475115e+00,-2.458855531046707288e+00,8.049778475408337908e-01,2.684364803110123265e+00
-1.713342678306078781e+00,-2.502999395079850142e+00,8.126931082804134121e-01,2.678391143390497664e+00
-1.736961037622893222e+00,-2.547002697437190211e+00,8.203358101786649703e-01,2.672833972557137727e+00
-1.760824561738055571e+00,-2.590841551648862318e+00,8.279079626845562423e-01,2.667697194486979395e+00
-1.784924803601680265e+00,-2.634543103093185401e+00,8.354114841750133191e-01,2.662986891790964705e+00
-1.809250015573306225e+00,-2.678128654486513049e+00,8.428482076308310145e-01,2.658709142973884720e+00
-1.833781809926868123e+00,-2.721608272193940969e+00,8.502198858657160629e-01,2.654878283124985305e+00
-1.858501475744820164e+00,-2.764992481192287244e+00,8.575281963507189742e-01,2.651512240193935277e+00
-1.883389970654989254e+00,-2.808292254533324428e+00,8.556042931194441925e-01,2.648625164981084801e+00
-1.908410416099778573e+00,-2.851488896426477293e+00,8.482794075005108958e-01,2.646220201914370129e+00
-1.933545849973333786e+00,-2.894599516808462170e+00,8.408907182115943346e-01,2.644300242288995406e+00
-1.958789738273138958e+00,-2.937659684908820346e+00,8.334365283327849205e-01,2.642868727414408259e+00
-1.984121795847238134e+00,-2.980682121283126040e+00,8.259150643646107071e-01,2.641927674670764503e+00
-2.009521377612672577e+00,-3.023679885248492738e+00,8.183244713005912718e-01,2.641481035738074912e+00
-2.034961768630413115e+00,-3.066656715636634001e+00,8.106628072844999089e-01,2.641533541061044765e+00
-2.060396357803362832e+00,-3.109583701309420078e+00,8.029280378087317871e-01,2.642088629259267130e+00
-2.085833497294858230e+00,-3.152525460546887981e+00,7.951180294046754637e-01,2.643147596653358189e+00
-2.111251190501982400e+00,-3.195496141759900155e+00,7.872305427696307811e-01,2.644715101950560587e+00
-2.136627084213310379e+00,-3.238510096041966602e+00,7.792632252675353310e-01,2.646793618016309857e+00
-2.161927677440504070e+00,-3.281563434179426864e+00,7.712136027323140963e-01,2.649384517586096166e+00
-2.187110918225699141e+00,-3.324637926611740291e+00,7.630790704929264479e-01,2.652490526429609030e+00
-2.212182381207426829e+00,-3.367797300613834643e+00,7.548568835278265388e-01,2.656113269980796776e+00
-2.237118545612580611e+00,-3.411056492983218558e+00,7.465441456433348222e-01,2.660252479553420812e+00
-2.261895160483390121e+00,-3.454429806827831850e+00,7.381377975549895387e-01,2.664910638774471430e+00
-2.286453944264473570e+00,-3.497873483163109309e+00,7.296346037328025336e-01,2.670088663994590217e+00
-2.310788354276442025e+00,-3.541443280153025341e+00,7.210311378500361412e-01,2.675783112198517166e+00
-2.334865189639297789e+00,-3.585174322652351364e+00,7.123237666499074860e-01,2.681991341772872239e+00
-2.358640197616622025e+00,-3.629097234727900911e+00,7.035086320147790895e-01,2.688724461994536075e+00
-2.382047267098097887e+00,-3.673185894493530945e+00,6.945816309868113603e-01,2.695972766257421771e+00
-2.405063656246574588e+00,-3.717447682735879333e+00,6.855383934465618667e-01,2.703729547757967033e+00
-2.427701935811459766e+00,-3.761953223211379260e+00,6.763742571049604635e-01,2.711990491470816167e+00
-2.449931892374368481e+00,-3.806695398164108290e+00,6.670842394025512379e-01,2.720776931739118609e+00
-2.471697634096819307e+00,-3.851614208010111451e+00,6.576630058352638253e-01,2.730068090424409011e+00
-2.492993609206108907e+00,-3.896750095986974305e+00,6.481048341350867936e-01,2.739858247035682481e+00
-2.513810731484751315e+00,-3.942139939016219952e+00,6.384035736227221536e-01,2.750142474968944484e+00
-2.534118333820830404e+00,-3.987775273526256825e+00,6.285525989121798496e-01,2.760927778435648072e+00
-2.553870040960966925e+00,-4.033608404355750743e+00,6.185447569774152887e-01,2.772218758984208442e+00
-2.573065477343831731e+00,-4.079695980620542173e+00,6.083723063792794150e-01,2.783996264885511884e+00
-2.591676932887844398e+00,-4.126032232227606400e+00,5.980268471851719614e-01,2.796257250473152212e+00
-2.609673817821518860e+00,-4.172601524386109872e+00,5.874992397775771202e-01,2.808997713429027598e+00
-2.627036684897596341e+00,-4.219414741063467034e+00,5.767795103193464890e-01,2.822213010772378183e+00
-2.643741657379112819e+00,-4.266470233300422521e+00,5.658567400934790825e-01,2.835919897097692211e+00
-2.659759235564997493e+00,-4.313747696875315008e+00,5.553050228119917886e-01,2.850120507191736152e+00
-2.675074997879496319e+00,-4.361269471954225097e+00,5.449112511855875862e-01,2.864809513567347921e+00
-2.689667197825965417e+00,-4.409036972635272278e+00,5.346742197933248564e-01,2.879990891947690645e+00
-2.703501877020214827e+00,-4.457007419080507127e+00,5.244911394203150001e-01,2.895688325983511557e+00
-2.716552742601932469e+00,-4.505155715341710554e+00,5.182069905490378492e-01,2.911917348544811546e+00
-2.728827281162564677e+00,-4.553587580410186852e+00,5.134346930056835623e-01,2.928657601563128932e+00
-2.740280429837401943e+00,-4.602210141998796189e+00,5.061200564667236446e-01,2.945874851565448260e+00
-2.750884643338540325e+00,-4.650983674017478364e+00,4.988669480674955969e-01,2.963575150561922555e+00
-2.760617712732702955e+00,-4.699883041719359333e+00,4.918337088469511564e-01,2.981791101816717138e+00
-2.769492163089693815e+00,-4.749077552314132866e+00,4.851327079953515753e-01,3.000546675377667505e+00
-2.777456343766134594e+00,-4.798401666588341996e+00,4.787184495795103745e-01,3.019846843097152789e+00
-2.784487850794123531e+00,-4.847820751489342328e+00,4.726301434469091789e-01,3.039708622213749933e+00
-2.790567779262329573e+00,-4.897314326432344878e+00,4.668644039998262607e-01,3.060168695583104448e+00
-2.795687809771235877e+00,-4.946967734538593398e+00,4.613984709619038949e-01,3.081238858447123086e+00
-2.799825766338735367e+00,-4.996785057736290447e+00,4.562251547598569767e-01,3.102919755886265563e+00
-2.802950600571973538e+00,-5.046636849276171510e+00,4.513348952089284993e-01,3.125229592620844876e+00
-2.805043575063066008e+00,-5.096506098810603902e+00,4.467165767582108593e-01,-3.135013272932836159e+00
-2.806084969366294146e+00,-5.146378834868082564e+00,4.423602404388315978e-01,-3.111448547161827616e+00
-2.806052827255585580e+00,-5.196243370993240518e+00,4.382532665921096693e-01,-3.087253935776255176e+00
-2.804919320157077234e+00,-5.246145772061754364e+00,4.343823066069861794e-01,-3.062419312630953794e+00
-2.802649448670818888e+00,-5.296054360069339495e+00,4.307363182572864213e-01,-3.036951375958075072e+00
-2.799206067348972926e+00,-5.345872260719042757e+00,4.273074374371505502e-01,-3.010849050975568986e+00
-2.794538035369650064e+00,-5.395569183504909105e+00,4.240857078595605678e-01,-2.984117355634780644e+00
-2.788580707999995134e+00,-5.445121747348050434e+00,4.210576038350033468e-01,-2.956768721746691142e+00
-2.781260886284139477e+00,-5.494472835670318744e+00,4.182129970139034647e-01,-2.928808363931402869e+00
-2.772572536794759124e+00,-5.543564866283616333e+00,4.155447421527178054e-01,-2.900217224425985396e+00
-2.762547021225529864e+00,-5.592423143847166322e+00,4.130442495942353576e-01,-2.871025905637336173e+00
-2.751159211885874090e+00,-5.641033022139924746e+00,4.107060378011071489e-01,-2.841253356826339171e+00
-2.738343749121519011e+00,-5.689300352567838281e+00,4.085200064602123593e-01,-2.810900530560012989e+00
-2.724035841862844087e+00,-5.737157123618805699e+00,4.064786082567630743e-01,-2.779904329462466794e+00
-2.708189197023288308e+00,-5.784510103586365304e+00,4.045766570300095566e-01,-2.748330416084955097e+00
-2.690773615215893422e+00,-5.831255307621185935e+00,4.028090484162537566e-01,-2.716189061771343560e+00
-2.671734658198919643e+00,-5.877378309390893563e+00,4.011730385074907534e-01,-2.683482093470953345e+00
-2.651046616849187743e+00,-5.922803132155388894e+00,3.996634717879255505e-01,-2.650172261105400828e+00
-2.628694597501784802e+00,-5.967449799767262419e+00,3.982783206587041658e-01,-2.616233632451943514e+00
-2.604674207936305219e+00,-6.011236144491641120e+00,3.970146585953981955e-01,-2.581665706903868873e+00
-2.578991398244030897e+00,-6.054078694322400089e+00,3.958734797340028311e-01,-2.546412470362202640e+00
-2.551681163046008116e+00,-6.095865977745608788e+00,3.948568294307562287e-01,-2.510385862141126800e+00
-2.522760218397192222e+00,-6.136534213874904609e+00,3.939735384762778070e-01,-2.473457113844017119e+00
-2.492238194497504278e+00,-6.176036841725187188e+00,3.932462041455447865e-01,-2.435431928728679196e+00
-2.460154376585578451e+00,-6.214295806284601653e+00,3.927271876078642365e-01,-2.396127238634621293e+00
-2.426556338339750152e+00,-6.251235696445247569e+00,3.924688873265560485e-01,-2.354501429457459327e+00
-2.391499613421714798e+00,-6.286784174674071579e+00,3.926361387810197723e-01,-2.310463027773239197e+00
-2.355036280953848316e+00,-6.320882290314871810e+00,3.937423362317991060e-01,-2.263389624662966781e+00
-2.317212542696167166e+00,-6.353482645327765965e+00,3.962912947918704742e-01,-2.234009307751305240e+00
-2.278096500094505039e+00,-6.384524084763133267e+00,3.959633590334375453e-01,-2.211335320143348326e+00
-2.237761460274117375e+00,-6.413948567167870429e+00,3.954477981106538920e-01,-2.172871222076458331e+00
-2.196285048442891963e+00,-6.441701063144949835e+00,3.951554155267251178e-01,-2.132463732669428236e+00
-2.153711676767828376e+00,-6.467750523856330425e+00,3.950052993474291174e-01,-2.091047190918851939e+00
-2.110061475573699497e+00,-6.492074122817609982e+00,3.949827919642774354e-01,-2.049423698679407213e+00
-2.065455578758324418e+00,-6.514589310611233586e+00,3.950513461516081404e-01,-2.007446992707921041e+00
-2.019969654042412799e+00,-6.535239998072525758e+00,3.952101507183223839e-01,-1.965529818045662402e+00
-1.973677105257646280e+00,-6.553964983083846008e+00,3.954551650621641601e-01,-1.923820410679128790e+00
-1.926646860352887014e+00,-6.570693761051566995e+00,3.957782802091848184e-01,-1.882323844912453525e+00
-1.878941120891196581e+00,-6.585339820897532448e+00,3.961765668722939671e-01,-1.841151899549121840e+00
-1.830613822206711205e+00,-6.597789812319081904e+00,3.966491923937552344e-01,-1.800390984179752518e+00
-1.781712617721825209e+00,-6.607885025750634966e+00,3.971939705148336830e-01,-1.760110547893332544e+00
-1.732289854483719305e+00,-6.615389759794721769e+00,3.978097018043785793e-01,-1.720382681507679035e+00
-1.682444378947250740e+00,-6.619931134669221784e+00,3.984964425711667313e-01,-1.681246459153192596e+00
-1.632427849915512041e+00,-6.620897769722111192e+00,3.992549431499413659e-01,-1.642724226630349005e+00
-1.583041404181862344e+00,-6.617174633014339946e+00,4.000844824546583856e-01,-1.604849625778714595e+00
-1.533945380153616256e+00,-6.606855858821537808e+00,4.009872368970540113e-01,-1.567673753906160705e+00
-1.488440635854034300e+00,-6.587355029035462550e+00,4.019639485761375974e-01,-1.531221031945797506e+00
-1.455872040383157096e+00,-6.550877147261599198e+00,4.030134355303264804e-01,-1.495474617136026252e+00
-1.478360174760190882e+00,-6.512384973341558414e+00,4.041364810921068695e-01,-1.460438804792373091e+00
-1.456341016778062825e+00,-6.524660070860308636e+00,4.053366058906137659e-01,-1.426125408822787488e+00
-1.406402949660111368e+00,-6.524347962173383308e+00,4.066133034021709447e-01,-1.392544244426523692e+00
-1.356875329023899068e+00,-6.518420697320173041e+00,4.079684061437190423e-01,-1.359727170132909002e+00
-1.307583368851708228e+00,-6.508975795270224296e+00,4.094033155771690802e-01,-1.327646687518848623e+00
-1.259405301844797931e+00,-6.497106207346934781e+00,4.109254994610180289e-01,-1.296268771609025539e+00
-1.211339221933466659e+00,-6.483082940069924582e+00,4.125322148002806277e-01,-1.265620878778975333e+00
-1.163887302481829478e+00,-6.467354671912031172e+00,4.142256927625083684e-01,-1.235710668376916566e+00
-1.117126273859952112e+00,-6.450188262007924500e+00,4.160105240156528050e-01,-1.206566841988122807e+00
-1.070801781831553390e+00,-6.431661859918634150e+00,4.178919970322843014e-01,-1.178173708435226619e+00
-1.024951601612949403e+00,-6.411912707623528718e+00,4.198768894819999709e-01,-1.150549644658368731e+00
-9.795883060664299924e-01,-6.391044458103225523e+00,4.219698800331879163e-01,-1.123722234812582599e+00
-9.347124542754278176e-01,-6.369136989043103547e+00,4.241823629423070452e-01,-1.097746060485025765e+00
-8.903199101116934244e-01,-6.346253305381720722e+00,4.265280445047877067e-01,-1.072686754936532427e+00
-8.464057842143679622e-01,-6.322444385645085596e+00,4.290266418877647370e-01,-1.048691028661231428e+00
-8.029664313388235053e-01,-6.297752588119610806e+00,4.317070788954281979e-01,-1.026052549222186805e+00
-7.600003337643563839e-01,-6.272214049810611591e+00,4.345996023240181749e-01,-1.005448104960461553e+00
-7.175697443593148650e-01,-6.245899243895368436e+00,4.378324447449653545e-01,-9.875626137636618340e-01
-6.756832365037269694e-01,-6.218844762954685912e+00,4.414378204360512870e-01,-9.744517042425850928e-01
-6.342634077813092963e-01,-6.191025067050394348e+00,4.455153343178503977e-01,-9.723819384770313601e-01
-5.933151304118862157e-01,-6.162461500035492534e+00,4.475991165078654910e-01,-9.871211978597078662e-01
-5.528455523088177115e-01,-6.133174439349112106e+00,4.489253193030504629e-01,-9.664302220276904665e-01
-5.128635390129806515e-01,-6.103183531789063032e+00,4.522269567474282437e-01,-9.429819987509073798e-01
-4.734532437220215773e-01,-6.072566383796933920e+00,4.558755268248791959e-01,-9.217371757168962842e-01
-4.345738782637074138e-01,-6.041305416558414798e+00,4.597729764707557121e-01,-9.016983226950118224e-01
-3.961908586566866286e-01,-6.009381953292897371e+00,4.638293953916935441e-01,-8.826692566445948351e-01
-3.583172789801837288e-01,-5.976813304818992201e+00,4.680744514658196631e-01,-8.642019612910661897e-01
-3.209685660498863835e-01,-5.943618669573162983e+00,4.724621248021012021e-01,-8.462678517247642640e-01
-2.842275754732161985e-01,-5.909880436278340810e+00,4.769781544768904591e-01,-8.287773620007358177e-01
-2.480124720779219583e-01,-5.875531002453481477e+00,4.816292147925527733e-01,-8.116149384668178701e-01
-2.123376313581935015e-01,-5.840587292577260392e+00,4.864053145208193651e-01,-7.947377507197138646e-01
-1.772167437780310106e-01,-5.805066098511864503e+00,4.912988305301604908e-01,-7.781094564243352663e-01
-1.426994521942038796e-01,-5.769023027509566859e+00,4.963024987987791903e-01,-7.616907747695135233e-01
-1.087517500949697069e-01,-5.732427912837817274e+00,5.014091045831357008e-01,-7.454672374642025146e-01
-7.537765433546125826e-02,-5.695288131244814700e+00,5.066149620517174101e-01,-7.294203312960262364e-01
-4.258947299693222055e-02,-5.657620496303221280e+00,5.119185043428252646e-01,-7.135359760172970134e-01
-1.041390728862307512e-02,-5.619460280953489040e+00,5.173149440835265178e-01,-6.977983394411553242e-01
2.116391384173013299e-02,-5.580794672047364458e+00,5.227963756220332936e-01,-6.822165675152688236e-01
5.213785452580488311e-02,-5.541635123832165277e+00,5.283579654106799195e-01,-6.667875739397434165e-01
8.249814588861287268e-02,-5.501998536340255264e+00,5.340024261820491835e-01,-6.514923386042353881e-01
1.122365895793937529e-01,-5.461901087681741096e+00,5.397277631893132588e-01,-6.363263380032487815e-01
1.413552741244654409e-01,-5.421345841117553022e+00,5.455304347420069089e-01,-6.212903104879300420e-01
1.698469515635769311e-01,-5.380349198675130395e+00,5.514068827298075348e-01,-6.063874206535551092e-01
1.977050228145701971e-01,-5.338928118285496183e+00,5.573474958913074984e-01,-5.916342757968211519e-01
2.249378885282217744e-01,-5.297077794203621792e+00,5.633555707706956461e-01,-5.770231039967690378e-01
2.515350275215493814e-01,-5.254822808899998421e+00,5.694361180162340608e-01,-5.625460736640286452e-01
2.774919469402225003e-01,-5.212180558416504184e+00,5.755799042059066561e-01,-5.482106959889772035e-01
3.028061797798222154e-01,-5.169166817434887484e+00,5.817811327343058725e-01,-5.340220574264218367e-01
3.274976160621824173e-01,-5.125759077143604792e+00,5.880275030641110012e-01,-5.199994474050713134e-01
3.515479263807263499e-01,-5.082001958595105506e+00,5.943174488944257261e-01,-5.061270336863852304e-01
3.749563117376891741e-01,-5.037912702800388942e+00,6.006398837259950829e-01,-4.924116669652194300e-01
